,barcode_clusters,donor,recipient,,,,,3dpi,read_count,5dpi,read_count
0,ACGCAGGGGC,0,1,,,,,TTGATCTAGC,166968,TTGATCTAGC,164012
1,CTGTTCTGGC,1,0,,,,,CACTAGGGTT,102757,CACTAGGGTT,148724
2,CAGCTGGGAG,1,0,,,,,TTGAGCTAGC,233,CTCTAGGGTT,246
3,TTCTAGGGGT,2,3,,,,,TTGATCTAGT,161,TTGAGCTAGC,213
4,CCTTCAGGTT,0,1,,,,,CTCTAGGGTT,157,TTGATCTATC,196
5,AACGTTTCTG,1,0,,,,,TTGATCTATC,149,CACTAGTGTT,190
6,TTAATTTAGC,3,3,,,,,TTGATCGAGC,146,AACTAGGGTT,158
7,GAAGTCATCT,1,0,,,,,TTTATCTAGC,139,CACTAGGGGT,155
8,TGGCGGACAC,1,0,,,,,TTGATATAGC,134,CGCTAGGGTT,153
9,CACTAGGTCT,0,2,,,,,CACTAGTGTT,121,TTGATCTAGA,152
10,TACGATTAGT,1,0,,,,,TTGATCTAGA,118,TTGATCTAGT,143
11,GATTAGTATT,0,1,,,,,CCCTAGGGTT,118,CCCTAGGGTT,143
12,GACTAGTGTT,4,3,,,,,TTAATCTAGC,110,CAATAGGGTT,126
13,TGTATCTAGC,7,1,,,,,TACTAGGGTT,108,TTGATATAGC,123
14,TATGTAGCGA,1,0,,,,,GTGATCTAGC,107,TACTAGGGTT,123
15,GCGAGGGCGC,1,0,,,,,CGCTAGGGTT,105,TTGATCGAGC,122
16,CGCTGGAGTG,0,1,,,,,CACTAGGGGT,104,TTTATCTAGC,113
17,TTCTGTTGTC,1,0,,,,,CAATAGGGTT,103,TTGTTCTAGC,107
18,GCTGGCGGGT,1,0,,,,,AACTAGGGTT,101,TTGATCTGGC,97
19,TCGAGTCGGC,0,1,,,,,TTGAACTAGC,93,TTGAACTAGC,95
20,TACTATTAGA,1,0,,,,,TTGGTCTAGC,92,TTAATCTAGC,91
21,TTCATATAGC,1,0,,,,,TTGATCTGGC,89,GTGATCTAGC,87
22,TTCTTGTAGT,1,1,,,,,TTGATTTAGC,85,TTGATTTAGC,85
23,GAAGAAGTAT,1,0,,,,,TAGATCTAGC,81,CACTAGGATT,82
24,TTGATTTAGG,0,2,,,,,TTGTTCTAGC,77,TAGATCTAGC,81
25,TAGGGCTAGC,1,0,,,,,TTGATGTAGC,77,TTGGTCTAGC,80
26,TATACGAAGG,0,1,,,,,TTGATCTAAC,72,GGTGCCTGTT,77
27,TTGTAGTAGC,2,0,,,,,CTGATCTAGC,65,CACTAGGTTT,77
28,TGAATAAATC,1,0,,,,,CACTGGGGTT,65,CACTAGGGCT,73
29,TACAAGGGTT,0,5,,,,,CACTAGAGTT,63,CACTAGAGTT,72
30,TGGATCTAGA,0,2,,,,,TTCATCTAGC,59,TGGATCTAGC,70
31,CCGAGCTAGC,1,4,,,,,CACTAGGGCT,57,GACTAGGGTT,67
32,GTCATTTAGC,1,0,,,,,TGGATCTAGC,54,TTGATGTAGC,64
33,CACTTGTGTA,0,1,,,,,CACTAGGATT,54,CACTTGGGTT,63
34,CGTTAGGATT,0,1,,,,,TTGATCTAGG,53,CACTGGGGTT,60
35,TAGATCTAGC,81,81,,,,,TTGCTCTAGC,53,TTGCTCTAGC,60
36,ACAGCTAGGC,3,1,,,,,ATGATCTAGC,50,CACTAGGGTG,59
37,CACTTGGGTC,1,3,,,,,CACTAGGTTT,49,CATTAGGGTT,55
38,TTTACCTAGC,0,1,,,,,CACTTGGGTT,47,TTGATCTAAC,55
39,ATCGCTAACT,1,0,,,,,CACTAGGGTG,46,CACTAGGGTC,55
40,TTGATTAAGC,0,4,,,,,TTGATCAAGC,45,CACTATGGTT,54
41,CATTCAGCGT,0,1,,,,,CACTATGGTT,44,CTGATCTAGC,51
42,TCTAGCTAGC,1,0,,,,,GACTAGGGTT,43,TTCATCTAGC,51
43,TCCGTGGTTG,1,0,,,,,CACTAGGGTC,42,TTGATCTAGG,49
44,TCGTATGGTT,1,0,,,,,TCGATCTAGC,41,TTGATCAAGC,48
45,CTGATGTAGC,2,0,,,,,TTGATCCAGC,39,CACTAGGGAT,48
46,GTGACCTGTC,0,1,,,,,TTGATCTTGC,36,ATGATCTAGC,46
47,AATTAGGTTT,0,1,,,,,CATTAGGGTT,35,CACAAGGGTT,45
48,CTAATCTAGC,2,0,,,,,TTGACCTAGC,34,TCGATCTAGC,44
49,TGGATCTTGC,1,1,,,,,CACTAGGGAT,34,CACCAGGGTT,42
50,GTCCGAAAAG,1,0,,,,,CACTAGGCTT,30,CAGTAGGGTT,42
51,CTCACGGGTT,1,0,,,,,CACTAAGGTT,30,TTGATCTTGC,40
52,CACTAGGGTT,102757,148724,,,,,CACTCGGGTT,27,TTGACCTAGC,39
53,TCAAGCCGGT,0,1,,,,,TTGATCTCGC,27,TTGATCCAGC,39
54,CCGTGGGGGT,0,1,,,,,TTGATCTACC,26,CACTAAGGTT,38
55,CATTGGGGGG,1,0,,,,,CACAAGGGTT,24,CACTCGGGTT,36
56,TGCATCTAGC,1,0,,,,,CACCAGGGTT,23,CACTAGGCTT,32
57,TTCTTATACC,1,0,,,,,CACTAGGGTA,23,TTGATCTACC,30
58,GCCTAGGGTC,0,1,,,,,CTTGATCTAG,19,TTGATCTCGC,28
59,TGGATCCAGT,0,1,,,,,CAGTAGGGTT,18,CACTAGCGTT,25
60,TAGACCCCAC,1,0,,,,,CTCTAGTGTT,16,CTGGGAAGTA,24
61,TTGAGCTAAC,5,3,,,,,CACGAGGGTT,14,CACTAGGGTA,21
62,TAGTTCGAGC,2,1,,,,,CACTAGCGTT,13,CTTGATCTAG,17
63,AACATCTACC,0,1,,,,,GTGAGCTAGC,11,CACGAGGGTT,14
64,CATTATGGTT,0,1,,,,,ACCTAGGGTT,11,CCACTAGGGT,13
65,TTTATATCCT,0,1,,,,,CACTAGTGGT,11,CACTACGGTT,11
66,CTGATCTGTC,2,1,,,,,TTGTTCTAGT,11,CTCTAGTGTT,11
67,TTTCGTCACT,1,0,,,,,CACTACGGTT,10,GCTTCATTCA,10
68,CAGATCTGGC,0,1,,,,,GTCACTAGCT,10,ACTAGGGTTT,10
69,GGGGACTCGT,0,1,,,,,TTGATCTATT,9,ACCTAGGGTT,9
70,CATTTCTGGC,0,1,,,,,CCATAGGGTT,9,CTCTAGGATT,8
71,TTGCTCCAGC,0,1,,,,,TTAAGCTAGC,9,TGCTAGGGTT,8
72,CCTGAGGGCG,1,0,,,,,AATGCAGCCT,9,CCATAGGGTT,8
73,CTTAGCTAGC,1,0,,,,,CCACTAGGGT,8,GTTATCTAGC,8
74,TCTGTCTCGG,1,0,,,,,TAGAGCTAGC,8,TGATCTAGCT,8
75,GGGCATGGTC,1,0,,,,,TGTATCTAGC,7,TTGATCTGGT,7
76,CACTAAGGAC,0,1,,,,,TCGATCGAGC,7,CACTAGTATT,7
77,CCGATGTGGC,1,0,,,,,CAAAGGGGTT,7,TCCTAGGGTT,7
78,CAATTGGCAT,0,1,,,,,TTGATGGAGC,7,TTGATCGAGT,7
79,GATCCAAGAC,1,0,,,,,TAATTCTCAC,6,TTGATCTATT,7
80,CACCATGGTT,0,1,,,,,TAAATCTAGC,6,ACGCTAGCGC,7
81,TTAGTTTAGT,1,0,,,,,TTGATGTGGC,6,TTCTAGGGTT,7
82,CTCGAGACGG,0,1,,,,,TGATCTAGCT,6,CCCTAGGGGT,6
83,TTAACTAGTC,0,2,,,,,TTGTACTAGC,6,CTGAGCTAGC,6
84,TTGTTCGAGC,4,4,,,,,CACTAGGGCG,6,CTCTAGGGGT,6
85,TCATCGTGCC,1,0,,,,,CTCTAGGGGT,6,CGCTAGGGTG,6
86,GGAGTGGGGA,1,0,,,,,TTGATCGAGT,6,TACTAGTGTT,6
87,TGCAGGCAGG,1,0,,,,,CTGACCTAGC,6,GTGAGCTAGC,6
88,CTCTCGGGTC,1,0,,,,,TGGAGCTAGC,6,TTGATAGAGC,6
89,CAGTACGGGT,1,1,,,,,GGTGCCTGTT,6,TTGCTATAGC,6
90,TTAACGGACG,1,0,,,,,TTTAACTAGC,6,CACTGGTGTT,5
91,TCGGTTTGGC,0,1,,,,,TGCTAGGGTT,5,AAATAGGGTT,5
92,CCCTTGGGTC,1,0,,,,,ACGCTAGCGC,5,TTTGTCTAGC,5
93,GGTGAGTGTT,1,1,,,,,TTGATCTGGT,5,CGCTAGTGTT,5
94,TTGGACTGGC,2,0,,,,,TTGAGCTAAC,5,CTCAAGGGTT,5
95,TTTATATAGC,0,2,,,,,TTCTAGGGTT,5,CACTAGAGCT,5
96,TACTAGTTAG,0,1,,,,,TAGTTCTAGC,5,CACTAGGGCG,5
97,CACTAAGGAG,0,1,,,,,CGCTAGTGTT,5,TACAAGGGTT,5
98,TTGTAGGATT,0,1,,,,,TTGATATCGC,5,GGCTAGGGTT,5
99,CACAAGGCTG,1,0,,,,,CGCTAGGGGT,5,CCCTAGGTTT,5
100,CGGTAGGGTC,0,1,,,,,TTAATCTGGC,5,TTTCTCTAGC,5
101,GCCTGGTAAC,1,0,,,,,TCCTAGGGTT,5,TTGTTCTAGT,5
102,TGAAGTAGAC,1,0,,,,,GTCATCTAGC,5,TAGATCTGGC,5
103,TAGCGGGTCT,1,0,,,,,CACTAGGAGT,4,ATGAGCTAGC,5
104,TTAAGCTATG,1,0,,,,,TTGAGCTAGA,4,TTGAACTGGC,5
105,AATTGTGGCT,0,1,,,,,ATGAGCTAGC,4,CTCTAGTGGT,5
106,CTGAGATGTG,0,1,,,,,CAATGGGGTT,4,AACTAGGGTC,4
107,CATTTGGCGT,0,1,,,,,TCTATCTAGC,4,CCCTAGTGTT,4
108,TGATTGTAAA,1,0,,,,,AACTGGGCCC,4,TAGTAGGGTT,4
109,TTCATGTCGC,0,1,,,,,TTGATCAGGC,4,TTGTGCTAGC,4
110,CACTTAGGTT,2,1,,,,,TGAACTAGCC,4,TAGATCGAGC,4
111,TTGTTCTGGC,1,1,,,,,CCTACTAGGG,4,TTTAGCTAGC,4
112,CGCTAGGGGT,5,2,,,,,TTGAACTAGT,4,TTGATTAAGC,4
113,TCAATTTAGC,1,0,,,,,TTGATGTAGG,4,TTGATTTAGA,4
114,TTATGCCGGC,0,1,,,,,CACTAGGCGT,4,CCGAGCTAGC,4
115,CCCTGGGTGT,0,1,,,,,GACTAGTGTT,4,TTGATGGAGC,4
116,TATAAGTGGT,0,1,,,,,TTGTTCGAGC,4,TTGATATCGC,4
117,GCTTGGGGAG,0,1,,,,,TTGATGTAGT,4,TTGTTCGAGC,4
118,ATCTAGGGTC,1,1,,,,,TTCATGTAGC,4,TTGATGTAGT,4
119,CTCTTCGTCG,0,1,,,,,CTGATCGAGC,4,TAGAGCTAGC,4
120,TTGCTTTGGC,0,1,,,,,CCCTAGGGCT,4,TAGATCTAGT,4
121,TTGATGTGGC,6,0,,,,,TTAGTCTAGC,4,CACTTGGGGT,4
122,TTCTAGTGTT,2,1,,,,,TTAATCTAGT,4,CGTTAGGGTT,4
123,TTGATTTGGC,0,3,,,,,TAGATGTAGC,4,CTCTAGGGTC,4
124,AAAAGCCAGC,0,1,,,,,CCCTATGGTT,4,GTCTAGGGTT,4
125,TTGATTTGGT,1,0,,,,,GTGATCTAGT,4,CGCTAGGGTC,4
126,CTCTAGTGTT,16,11,,,,,CTGTAGGGTT,4,TAATAGGGTT,4
127,CACTGGGGTA,1,0,,,,,TTGATTTAGT,4,TCACTTGGGC,4
128,TCTATTTAGC,1,0,,,,,AAATAGGGTT,4,CATAAGGGTT,4
129,CGCATAGGTG,1,0,,,,,GCCTAGGGTT,4,CACTAGGGGG,4
130,AAATAGTGTT,1,0,,,,,CCGTAGGGTT,4,CCAGCTAGCT,4
131,TTGGGGATAG,1,0,,,,,TTGGTCTAGT,4,GACTAGGGGT,4
132,GAACTGTGTT,1,0,,,,,TTAATCTAGG,4,CACAAGTGTT,4
133,TCAATTAAGC,0,1,,,,,GGCTAGGGTT,3,CACTAGGAGT,4
134,GTGCTTGAGC,1,0,,,,,TAGATATAGC,3,CACTATAGTT,4
135,TAATCTAGTT,0,1,,,,,TTATTCTAGC,3,CTCTAAGGTT,3
136,CTGACCTAGC,6,1,,,,,CTGTTCTAGC,3,CCCTAGGGTA,3
137,TTGATTGCAT,1,0,,,,,TTGGTCTGGC,3,TTGTAGTGTT,3
138,TAGCTCTATC,1,0,,,,,CTGGGAAGTA,3,CAATGGGGTT,3
139,CTGGAGGGTA,0,1,,,,,CCCTAGGTTT,3,CAGTAGGGGT,3
140,GTGATCAAGC,2,3,,,,,TTCAGCTAGC,3,TACTTGGGTT,3
141,TAGCTAGCGC,1,0,,,,,CTGATTTAGC,3,GACTAGGGCT,3
142,TACTTACTCT,0,1,,,,,TTCATCTAGT,3,CGCTAGGGAT,3
143,AACAAGGCAT,0,1,,,,,TATATCTAGC,3,CAGTAGGATT,3
144,ACGATGGCCT,1,0,,,,,CCCTTGGGTT,3,CACTGGGATT,3
145,TAAATTCTGC,0,1,,,,,AACTAGGGAT,3,AACAAGGGTT,3
146,CTCTAGGCTT,2,1,,,,,ATGCTCTAGC,3,AACTAGGGAT,3
147,CAAGCAGAAC,0,1,,,,,TACTAGGGGT,3,CACTACGGGT,3
148,TTGATCAAGA,0,1,,,,,TTTAGCTAGC,3,TACTAGGGGT,3
149,CTGTGCTAGC,0,1,,,,,CAATAGGGAT,3,CAACAGGGTT,3
150,ACGATGTTGC,1,0,,,,,AACTAGTGTC,3,CACGAGTGTT,3
151,GTGAATAGGT,0,1,,,,,CTATAGGGTT,3,CTCTAGAGTT,3
152,GGGATCTACC,0,1,,,,,TTCATTTAGC,3,ACTACTAGGC,3
153,TCAATCTAGG,0,1,,,,,TAGATCGAGC,3,AACTGGGCCC,3
154,TTAATAGACA,1,0,,,,,CAATAGGGGT,3,TTGTTCTAGG,3
155,TTGTTATGGA,1,0,,,,,ACTGGTCGCC,3,TACTAGAGTT,3
156,CTCTAGGGAT,2,1,,,,,CACGCCAGCC,3,CACTCGGGCT,3
157,CACAAGAGTT,0,3,,,,,GCTTCATTCA,3,CCTTAGGGTT,3
158,TTCTGCTAAC,1,0,,,,,ACAGCTAGGC,3,GACTAGTGTT,3
159,CTCAAGTGTT,1,0,,,,,TACTAGGTTT,3,TTGAGCTAAC,3
160,CACCTGGGAA,0,1,,,,,TAAGCTAGGG,3,CTCTAGGGCT,3
161,TTCCGCAAGC,1,0,,,,,TTGTTGTAGC,3,CCCTAGGGTG,3
162,CACGACGGCT,0,1,,,,,TTCTTCTAGC,3,AACTAAGGTT,3
163,TTGTTATAGC,1,0,,,,,CACGAGGGAT,3,CAATAGAGTT,3
164,CCGCAAGGGA,1,0,,,,,GTGCTCTAGC,3,CACGAGGGAC,3
165,CACATCTGTT,1,0,,,,,TTTGTCTAGC,3,GTGATCTAGT,3
166,TTGAGCTGAC,1,0,,,,,CATTAGTGTT,3,CGCTAGGATT,3
167,CACTACGGTG,1,1,,,,,TTGATTTCGC,3,TTCTAGGGGT,3
168,GTTGCCTAGT,0,1,,,,,TTGAGCTAGT,3,CATGAGGGTT,3
169,ATCCGCTAGT,1,0,,,,,TAGATTTAGC,3,AACTGGGGTT,3
170,CAAAAGTGTC,1,0,,,,,CACTAGGTTG,3,AGCTAGGGTT,3
171,TTCATATGGC,1,0,,,,,TAGGTCTAGC,3,CACTCGGGTC,3
172,GCCTTAGGTT,1,0,,,,,TGGCTCTAGC,3,CACTAGGGGC,3
173,TTTAGCGAGT,0,1,,,,,TTAATCTCGC,3,CTGTAGGGTT,3
174,TTCTGCTGCC,1,0,,,,,TTAATCTAAC,3,CACAAGGGGT,3
175,CAGTAGGAGT,2,0,,,,,CAGTAGTGTT,3,CAATAGTGTT,3
176,GGCTACGGTT,1,0,,,,,CCCTAGGGTG,3,CATTAGGTTT,3
177,TTGTTCTACT,0,1,,,,,ATCTAGGGTT,3,CACTTGGGTC,3
178,CTCTACTGTT,1,0,,,,,TTGGTCTAGG,3,CGCTAGGCTT,3
179,AACTAGTATT,0,1,,,,,CGTTAGGGTT,3,CACAAGAGTT,3
180,GTGATCCAGC,0,1,,,,,CACTAGTATT,3,TTGAGCTAGG,3
181,TACATCGAGC,0,2,,,,,TTGATTGAGC,3,TTCATGTAGC,3
182,TTGAGCTAGT,3,2,,,,,CTCAAGGGTT,3,GTCATCTAGC,3
183,GAGATCTAGC,1,1,,,,,TTAATTTAGC,3,ATACGCTAAC,3
184,AACTAGGGCG,0,1,,,,,CCCAAGGGTT,3,TTGGTCTAGA,3
185,GATACAGCGA,1,0,,,,,TTGATAAAGC,3,TTGATCGAGA,3
186,CTTTGGGGTT,1,0,,,,,TCGAGCTAGC,3,GGGATCTAGC,3
187,TAAAGGGTAC,0,1,,,,,CACAAGGGGT,3,CTGATCGAGC,3
188,CTGATCTATT,1,0,,,,,CAAAAGGGTT,3,TGAATCTAGC,3
189,GACTTGGGTT,1,2,,,,,GTTATCTAGC,3,TTGATATAGT,3
190,GACTAGGGGC,1,0,,,,,TTGATATAGA,3,TTAATTTAGC,3
191,GATGTTTCGC,0,1,,,,,CTCTAGGATT,3,TTGAGATAGC,3
192,CGTTTGGGTT,0,1,,,,,TTGAAATAGC,3,TTTATCTAGT,3
193,TTCTTGTAGC,0,2,,,,,TAATAGGGTT,3,ATAAGCTAAC,3
194,CACGATTATT,1,0,,,,,TTGAACTGGC,3,TTGATGTAGG,3
195,GATGAGCAGT,0,1,,,,,CACAAGGCTT,3,TTGAAGTAGC,3
196,GTGATCTCGC,1,1,,,,,CACTTGGGGT,3,TTCGCCTAGC,3
197,CAGAAAGGCC,1,0,,,,,CTCTAGGGCT,3,TTGATTTGGC,3
198,GGTGACTGTT,1,1,,,,,TTGACTTAGC,2,ATGAACTAGC,3
199,CACGATGGTT,0,2,,,,,TACTTGGGTT,2,GTGATCAAGC,3
200,AGCTTGCGCA,1,0,,,,,CACTAAGATT,2,TTGTACTAGC,3
201,AACTAGAGTT,1,0,,,,,AACTAGGCTT,2,ATGAGCTAAC,3
202,CAAGAGAGTT,1,0,,,,,TTTATCCAGC,2,TGGATCTAGT,3
203,GTCTATTCGT,0,1,,,,,CGCTAGGGTG,2,TTGACTTAGC,3
204,TTGCTCTAGT,1,0,,,,,CACTGGGGGT,2,TAAAGCAAGC,2
205,CTGGTCGGGC,0,1,,,,,CACGAGGGTC,2,TTGATCCAGT,2
206,TTGATTAGGC,0,1,,,,,CGCTAGGGAT,2,TTGGTCTATC,2
207,CCCTCGGGTA,0,1,,,,,TTGAACGAGC,2,TCGTACTAGC,2
208,TCCACCCGTC,1,0,,,,,AACTAGGGGT,2,TTGATTTAGT,2
209,CCATAGGGGT,1,1,,,,,GACTAGGCTT,2,TTGAGGTAGC,2
210,CACCAGGGAT,0,2,,,,,TTGCTTTAGC,2,TTAATATAGC,2
211,GTTAACTAGC,0,1,,,,,TTGAATTAGC,2,TTCATCGAGC,2
212,TTGAGTTAGC,2,2,,,,,TACTAGTGTT,2,TCGAGCTAGC,2
213,GTCATCTAGT,1,0,,,,,TTGGACTGGC,2,TACATCTAGC,2
214,GCTAACTAGC,1,1,,,,,TTGACCAAGC,2,TTGCGCTAGC,2
215,TTGATGTTGC,0,1,,,,,CACAAGTGTT,2,TTTAACTAGC,2
216,TACAAGTGTT,0,1,,,,,AACTAGCGTT,2,TTGATTTAGG,2
217,TTAATCTTGC,1,1,,,,,CTGAACTAGC,2,TTGATCAAGT,2
218,TTCAACTGGC,1,0,,,,,TTGTGCTAGC,2,TTGATATAGA,2
219,TCGATGCAGG,0,1,,,,,TAGATCTAGG,2,ATGATCTCGC,2
220,GACTAGGGTG,1,1,,,,,CACTAGAGCT,2,TTGATCGATC,2
221,TCACTAGCCT,1,0,,,,,CCTTAGGGTT,2,GTGATCTGGC,2
222,TTGATCTCTC,2,1,,,,,TACTAGAGTT,2,TTGTACTAGT,2
223,GCCTACGGTT,1,0,,,,,ATACGCTAAC,2,TTGATCTCCC,2
224,TATTCTTTTA,1,0,,,,,TCAATCTGAC,2,TTTATCTCGC,2
225,GTGATCTACC,0,1,,,,,TTCCTCTAGC,2,TTGTTGTAGC,2
226,GTGGTCTTAG,0,1,,,,,CTGATCTGGC,2,TTGCTCGAGC,2
227,CGGAACTAAC,1,0,,,,,TTGTTCTAAC,2,TAGATGTAGC,2
228,CATTACTATT,0,1,,,,,TTACTCTAGC,2,TAGATCTCGC,2
229,CTTAACGAGT,1,0,,,,,TTGATCTAAT,2,TTCATCGCGC,2
230,TGGAGCTGGC,1,0,,,,,CGCTGGGGTT,2,TTGCTCTCGC,2
231,CTGTAGTGTT,0,1,,,,,CCCTAGGCTT,2,TACATCGAGC,2
232,TACAAGAGTT,1,0,,,,,TACTATGGTT,2,TTACTCTAGC,2
233,CATAAGGGGT,0,1,,,,,CCCTAGGGGT,2,TTGATATAGG,2
234,TTGGTAGAGC,1,0,,,,,TTCATGTATT,2,TGCTAGTGGT,2
235,CACTAGTCTT,0,2,,,,,CTGTGGAGTA,2,TAAATCTAGC,2
236,CCCTAGGATT,1,2,,,,,TCACTTGGGC,2,TTAAGCTAGC,2
237,CACTAGTAGT,1,1,,,,,GGTCGAGCCC,2,TTGACCTACT,2
238,CACTCAGGTT,1,1,,,,,TACGGCGTAC,2,TTCATTTAGC,2
239,TCACTCTAGC,1,0,,,,,CACTTCTAGC,2,TTTATCTATC,2
240,TCGGTATAGC,0,1,,,,,CAACGAGGTG,2,CTTAACTAGC,2
241,TGAATCAAGC,0,1,,,,,TCAGACCGGT,2,TTCTTGTAGC,2
242,TAGGTCTAGC,3,1,,,,,CTCTTGTGTT,2,CATTACTGTT,2
243,GTCATGGCGA,1,0,,,,,ACTAGGGTTT,2,TTGAACTAGT,2
244,GGGGTCTGGT,0,1,,,,,TTGGAAAAGC,2,CAATAGGGAT,2
245,CCCTAGTGTT,0,4,,,,,CGAACAGGTC,2,TTCTAGGGTC,2
246,TCGATTTAGC,0,1,,,,,TGCTAGGCAC,2,CACTAGGTCT,2
247,TTGATCTACG,0,1,,,,,ATCGAAGCAC,2,CTATAGGGTT,2
248,TTGATCTTAC,2,1,,,,,CATCGGCAGC,2,CACAAGGGTC,2
249,TCATACCGTG,1,0,,,,,CTGATGTAGC,2,CACTAGTCTT,2
250,GATGGCCAGC,0,1,,,,,TTCAACTAGC,2,CACTAGTGTG,2
251,CATAAGTGCT,1,0,,,,,TTAAACTAGC,2,TTGGTTTAGC,2
252,TTGTTATAGT,0,1,,,,,CTCTGGGGTA,2,TTAATCTGGC,2
253,TTGTTCTCTT,0,1,,,,,CTCTTGGATT,2,TTGAATTAGC,2
254,TTGGGAGACG,1,0,,,,,TTGATCGCGC,2,TTGGTTAAGC,2
255,TTCATCTGGC,0,1,,,,,ATGAACTAGC,2,TCGATCGAGC,2
256,AACCAGGGTT,2,0,,,,,TTGATGTAGA,2,TTGATATTGC,2
257,TTGAACTCGC,1,0,,,,,TTGTAGTAGC,2,TTTATATAGC,2
258,CCTTAGGGTG,0,1,,,,,TTTATTTAAC,2,TTGAGCTAGT,2
259,ATTCCCGCGC,0,1,,,,,TTTCTCTAGC,2,TGGATCTAGA,2
260,TTGATAGCTC,1,0,,,,,TTGACATAGC,2,ATGATGTAGC,2
261,TTAATTAGGC,0,2,,,,,GTGATCAAGC,2,AAGATCTAGC,2
262,CATTGGGGCA,0,1,,,,,CAGTAGGGTG,2,GCGATCTAGC,2
263,TTGAACATGC,0,1,,,,,TTGTTCTATC,2,GGTATCTAGC,2
264,CAACGCTAAC,0,1,,,,,CACTACGGGT,2,TGGTTCTAGC,2
265,GTGTAGTGAT,0,1,,,,,CTAATCTAGC,2,TTGACGTAGC,2
266,TTGAGTTTGC,0,1,,,,,TTGATCAAGG,2,GTGGTCTAGC,2
267,TCAATGGGTC,0,1,,,,,CACAAGGGTC,2,GTGATCTAGA,2
268,GCATGCCTGC,1,1,,,,,CAGTAGGAGT,2,GTGAACTAGC,2
269,CCCTCTGGTC,0,1,,,,,CTTTAGGGTT,2,TTAATTAGGC,2
270,CACTTGTATC,1,0,,,,,CTGAGCTAGC,2,TTGTACGAGC,2
271,ATATGCTATC,0,1,,,,,GATTAGGGTT,2,CAGTACGGTT,2
272,CCGCAGGGTT,0,1,,,,,GTGATCGAGC,2,TTGAACTAGA,2
273,CATTGCCGTC,0,1,,,,,CAATAGAGTT,2,CTCTGGGGTT,2
274,TCGGTCTGGC,1,0,,,,,GGTGTCTGTT,2,CCCGAGGGGT,2
275,TTTCTCTAGC,2,5,,,,,TAATAGGGTC,2,CACTTGTGTT,2
276,TTAATCTAGA,1,0,,,,,TTAATCCGGC,2,CGCTAGGGGT,2
277,TTCATGGCGC,0,1,,,,,CTCTAGGGTA,2,CTCGAGGGTT,2
278,TTGCGCGAGC,1,0,,,,,CTCTAGGGAT,2,CACATGGGTT,2
279,TTCATCTAGT,3,1,,,,,CACTAGGGGA,2,CCCTGGGGTT,2
280,CACAAGGGTT,24,45,,,,,TTGATATACC,2,CAAAAGTGGT,2
281,CCTTGTTTAT,1,0,,,,,CAATAGGCTT,2,TTGGACTAGC,2
282,CCAAAGGGGT,2,1,,,,,GACTAGGATT,2,CACAAGGATT,2
283,GGTTAGTGTT,0,1,,,,,CACGAGGGGT,2,TGCTAAGGTT,2
284,CTCAACTATT,1,0,,,,,CACGAGGGAC,2,CGCTAGAGTT,2
285,TTCTACGGTC,1,1,,,,,TAGATCTAGA,2,GAATAGGGTT,2
286,ATATAGGGCC,0,1,,,,,TAGAACTAGC,2,CTCTATGGTT,2
287,GAGTAGTATC,1,0,,,,,TGGAACTAGC,2,GACATGGGTT,2
288,TAAAGCAAGC,0,2,,,,,TACTAGGATT,2,CTCTTGGGTT,2
289,TACAACGAGC,1,0,,,,,TTGCCCTAGC,2,TACTAGTCTT,2
290,TGCTAGTGGT,0,2,,,,,TTCTAGGGGT,2,CAGTAGGGTC,2
291,ACTGCTACTC,1,0,,,,,TTGAGTTAGC,2,TAATATGGTT,2
292,TTGAGCGAGC,1,0,,,,,TTGAACTATC,2,CACTAGCTTT,2
293,TGGACCTGGC,1,0,,,,,TACTTGGGCT,2,CACTACTGTT,2
294,GCCAGAGCGT,1,0,,,,,GACTAGGGAT,2,GTCTATAGCT,2
295,GACTGGGGTT,1,2,,,,,TTGATAGAGC,2,CACTAAGATT,2
296,ACTACTTATC,1,0,,,,,ATTAACTAGC,2,AACTAGGCTT,2
297,CCCTGGAGGG,0,1,,,,,TTGATATGGC,2,CACAAGGGTG,2
298,CATTAGGGTC,2,0,,,,,TATTAGGGTT,2,CACTAAGGTA,2
299,GTTCAGGCGA,0,1,,,,,TTGAGCTAGG,2,CACTGGGGGT,2
300,TTGTTCTCGC,0,1,,,,,CACTTGGGTG,2,AAGTAGGGCT,2
301,ACGTAAGCTT,1,0,,,,,TTGATCTCCC,2,AACGAGGGTT,2
302,CGCCTAGCAC,0,1,,,,,TTGGACTAGC,2,CACCAGGGAT,2
303,TTTATCTTGT,1,0,,,,,CAATTGGGTT,2,CTCTTGTGTT,2
304,CGTTAGTGTT,0,1,,,,,TTCACCTAGC,2,CACTAGGTGT,2
305,TAGTACTAGG,0,1,,,,,TTGTTGGAGC,2,GTCTCTAGCT,2
306,TAGTGCTAGC,0,1,,,,,CACTAGTTTT,2,CACTGGAGTT,2
307,CATTAGGATT,0,1,,,,,TCGTTCTAGC,2,TACTGGGGTT,2
308,AATTAGGTGT,0,1,,,,,TAGTTCGAGC,2,CACTAGAGTG,2
309,CTTACGTCAG,0,1,,,,,CACTGGGGCT,2,TTGAGTTAGC,2
310,TTAATCTGGC,5,2,,,,,TTGCTATAGC,2,TTAATTTGGC,2
311,TTGAACGAGC,2,1,,,,,TAGTAGGGTT,2,TTGAGCTCGC,2
312,TAATAGGGTT,3,4,,,,,TTGCTCGAGC,2,ATCTAGGGTT,2
313,TTTATCTAGT,1,3,,,,,CTCTAGGCTT,2,CCCGAGGGTT,2
314,TCCATCTAGC,1,1,,,,,CACGAGGTTT,2,CGCTAGGTTT,2
315,GACATGGGTT,0,2,,,,,CATTAGGGTC,2,CCCTAGAGTT,2
316,TTGACCTATC,0,1,,,,,TTGAAGTAGC,2,CAATAGGGTG,2
317,TCTCACGAGC,1,0,,,,,CCAAAGGGGT,2,CACTAGGTTG,2
318,TCGAGCTAGC,3,2,,,,,CACATGGGTT,2,CTCTAGGAGT,2
319,TAGACCTAGC,1,1,,,,,TACTAAGGGT,2,CACGATGGTT,2
320,CCCTGGCGCT,0,1,,,,,TTGATCTTAC,2,AACTAGGGCT,2
321,GATGTCTAGC,1,0,,,,,GTGACCTAGC,2,GACTCGGGTT,2
322,TACACTCGAC,1,0,,,,,TTGTTCTAGA,2,TACTTTGGTT,2
323,TTAATTTGGC,0,2,,,,,CACTTGTGTT,2,GATTAGGGTT,2
324,TCCTAGGGAC,0,1,,,,,CGATAGGGTT,2,CCCTAGGATT,2
325,TTGTTATAAC,1,0,,,,,CACTCGGGCT,2,CTCTAGGGTG,2
326,CCATAGGCTT,1,0,,,,,CACTTAGGTT,2,GGTGTCTGTT,2
327,GATTATGCTT,0,1,,,,,TTGATCGAGA,2,CATGAGGGTA,2
328,CTGATCGGGG,1,0,,,,,TTGATCTCTC,2,CCCTAGGGCT,2
329,CCTTAGGGTT,2,3,,,,,CACTGCGGTT,2,GACTTGGGTT,2
330,CAAATCAACC,1,0,,,,,CACTGGTGGT,2,CAATAGCGTT,2
331,CCCTAGGTTT,3,5,,,,,TTGGTCTAGA,2,CCCTATGGTT,2
332,TACTTGGCTT,1,0,,,,,AACCAGGGTT,2,CACAAGGCTT,2
333,ATCTTCTAGC,0,1,,,,,TAAAACTAGC,2,GACTGGGGTT,2
334,GGTCGATACG,0,1,,,,,TACTAGTGGT,2,CACTTGGGTA,2
335,CTCAAATTAA,1,0,,,,,CACTCGGGTC,2,CACTTGGATT,2
336,CACAAGGGTG,1,2,,,,,TTCATCGAGC,2,TACTAGGGTG,2
337,GACGGCCAGG,1,0,,,,,CTGGTCTAGC,2,CAATATGGTT,2
338,TAATCGAGTC,0,1,,,,,CATTTGGGTT,2,CATTTGGGTT,2
339,TAGTAGGTTC,0,1,,,,,TTAACCTAGC,2,CATTAGGGCT,2
340,GCTTTGCATA,1,0,,,,,TTCTAGTGTT,2,CCCTAAGGTT,2
341,TTGTAGGATC,0,1,,,,,TTAATCCAGC,2,CGAACTAGCC,2
342,TGCTGGGCTT,0,1,,,,,CACTATAGTT,2,TGACTAGCTG,2
343,CACTAAGCTT,1,0,,,,,TTTATCGAGC,2,CCATAGTTCG,2
344,TTGATATAGC,134,123,,,,,CACCTGGGTC,2,AATACCAGCT,2
345,AGTTAGGGTC,1,0,,,,,TTTATCTTGC,2,CGGCTGTAGG,2
346,GTCTTAGGAT,0,1,,,,,ATAAGCTAAC,2,GAGTTAACGA,2
347,ATTATCTAGC,0,1,,,,,CACTATGGGT,2,TCAGACCGGT,2
348,TTTACTTACC,0,1,,,,,TTGCGCTAGC,2,AATAGAGCAC,2
349,ATCATCGAGC,0,1,,,,,CATTAGGGGT,2,GCGGGCTAGC,2
350,TACTCGAGGG,0,1,,,,,CACTATGGCT,2,TCTCGCAAGC,2
351,CCCTAGAGTT,0,2,,,,,TTGGGCTAGC,2,CTCTTAGCAT,2
352,TTGAGGTAGC,1,2,,,,,CTGATCTGTC,2,TTAACTAGTC,2
353,TACTAGGATT,2,1,,,,,CGCTAGAGTT,2,CGCGGCTGGC,2
354,TTTCAAGGCT,0,1,,,,,ACCGTGGGCA,1,CACTTAGGGA,1
355,CCCTAGGGTA,1,3,,,,,TAGCTAGCGC,1,ATTGCTAAGT,1
356,CTCGAGGGGT,0,1,,,,,TAGTTGGGGT,1,AAGTCGGCTT,1
357,ATGTAAGGTT,0,1,,,,,AGGAGTTATT,1,ATGCAAGCTC,1
358,TACTAGTGTT,2,6,,,,,CGTATCGCTA,1,CCATCCAGCG,1
359,TACGGGTGAT,1,0,,,,,TTAGAGCATC,1,AATGAGGTCG,1
360,CCCTCGGGTG,0,1,,,,,TGGGCTAAGC,1,TCACGTCCTC,1
361,TGCTATGAGA,1,0,,,,,CAAATCAACC,1,GTTGTCTATT,1
362,TAGATATAGT,1,0,,,,,CCATTGGGTA,1,GGTCGAGCAT,1
363,CAAGAGGGTT,0,1,,,,,GCCAATGCCC,1,TTGCTCTGGG,1
364,CACGAGGGGT,2,1,,,,,CCCCGGGGAA,1,ATGCCAGCCC,1
365,TGAACTAGCC,4,0,,,,,AAGAGCTCGC,1,CCCCTGGGTT,1
366,TACTAGGTTT,3,0,,,,,CCAGCTAGCT,1,TTATGCCGGC,1
367,GAAAGATGGC,1,0,,,,,TTCGACATAA,1,GATTAGTATT,1
368,AAATAGGGTC,1,0,,,,,AATGGGCGTA,1,TATTGCTATC,1
369,AGAGACAGGC,0,1,,,,,AAGTACAGCT,1,AACGACGCGC,1
370,TTGAGAACCC,1,0,,,,,GCCAGAGCGT,1,TACAAGTAGC,1
371,ATTACGGCCC,1,0,,,,,GCGAGATCGC,1,CATTGGGGCA,1
372,CCTGGAGTAT,1,0,,,,,CTAAGATAAG,1,CTATATTGCG,1
373,TTGATTTAGC,85,85,,,,,TCAATTCGCC,1,ACATCTGGCA,1
374,TGGATTTCAC,1,0,,,,,TATGTAGCGA,1,CACACAGGTC,1
375,GGTTCGGGTT,1,0,,,,,GTCATATCGC,1,TTGTGCAACT,1
376,GGTATCTAGC,0,2,,,,,CCCTAAGGCA,1,GGCTTGTTCT,1
377,TTGATGTCGC,0,1,,,,,CTGCATTGTA,1,TAGAATTTAC,1
378,AACTCATGTT,0,1,,,,,CCCAATGGCG,1,ACACATGGTG,1
379,TTGCTCGAGC,2,2,,,,,ATGCAATCTC,1,CGATTGCGGA,1
380,TTCTTCTAGC,3,1,,,,,AATTTGAGGG,1,ACTGGGGGCT,1
381,CTGGGCAGTC,0,1,,,,,TGCTATGAGA,1,GGGGACTCGT,1
382,CCCTTGGGTT,3,0,,,,,TTGGTAGGTC,1,CATTCGCTCG,1
383,ATCTTCACCT,0,1,,,,,TCATCTTTAG,1,ATCGGCTAGT,1
384,AGCCTAGAAG,0,1,,,,,CACTTGGAAT,1,AATGGCGTGT,1
385,AAATACAGTA,1,0,,,,,CAGCTGGGAG,1,CCGTGTATAA,1
386,TACTGCGCTT,1,0,,,,,GTCATGGCGA,1,GACTAGTAGA,1
387,TCGTTAATTA,1,0,,,,,AACAAATGTC,1,TCAAATTGCG,1
388,TACTAGTGAC,1,0,,,,,GTCAGCATAA,1,TAGTAGTGGC,1
389,CGCTAGGGTC,1,4,,,,,TTCATGGCCT,1,TCGGTGTAAC,1
390,CGCTAGGGAT,2,3,,,,,CCGGCTCTGA,1,ATGGCGGTGG,1
391,CTCAGGCTGG,0,1,,,,,TGATTGTAAA,1,GCGCTCCGCA,1
392,TTGATCCAGG,1,0,,,,,CCCTAGACGT,1,CTGGTCAGTA,1
393,TTGCTCTAAC,0,1,,,,,ACTGAGCGTC,1,GCGTTCTGCT,1
394,TAGATGTGTT,1,0,,,,,AGTCTACGAC,1,CGAGCTAGGA,1
395,TACTTAGCTT,1,0,,,,,CAGGCTAGAC,1,GCTTAAGGTT,1
396,ATTGCTAATC,1,0,,,,,TGATTATGCC,1,CAATACTAGC,1
397,CTGTAAGGTT,0,1,,,,,TTTGCATTCA,1,CAACAGGGAC,1
398,TTGGTCTACC,1,0,,,,,TTGACCACAT,1,CAGGTGGGGC,1
399,GTGATCTAGA,0,2,,,,,ATAATATAGG,1,GCATTCAAGC,1
400,GTGAGCTAGT,0,1,,,,,CTAAACTTGC,1,ATAGCTAGCA,1
401,TACTAGTGGC,1,0,,,,,TCTGTGTTAC,1,GGGGTCTGGT,1
402,TTGAGCAAAC,0,1,,,,,TTCTTCGCCG,1,ATACAAGCAC,1
403,TTCGCATGTT,0,1,,,,,GACCTGGGGC,1,TAAATTCTGC,1
404,TGGGTCTCGG,0,1,,,,,TACTATTAGA,1,CGCGACTGTT,1
405,TTGCACTAGC,1,1,,,,,CTCAAGTGAC,1,GACGATGGAT,1
406,CAGTAGGGCT,1,0,,,,,CGTTAAGGAA,1,CTCTCTAGTG,1
407,TTGAGCGCCT,1,0,,,,,TCCACCCGTC,1,ACTTCGCGCG,1
408,TACTACTATT,1,0,,,,,TTGTTGGGTT,1,ACTGGTCGCC,1
409,AATTAGGGTT,1,1,,,,,TAAACGTCGG,1,TACATTGAGA,1
410,CTGTCTTGTC,1,0,,,,,TCATAGGCGT,1,ATGATAAACA,1
411,TTGACTCACC,1,0,,,,,TTATACTAGG,1,ATTGAGGGAT,1
412,TTCATGGCCT,1,0,,,,,CATAAGTGCT,1,TAGGCTAGCC,1
413,TGTATCAAGC,1,0,,,,,TTCTCGTTTG,1,TGTATGGTTG,1
414,CTTGGCAATC,1,0,,,,,TCGTCATAGC,1,CGGACGGAGT,1
415,CACTACGGAC,1,0,,,,,GCTGCGGTCC,1,TCGATGCAGG,1
416,TGTATGGTTG,0,1,,,,,TACATGGTGC,1,CCTATCTCGC,1
417,CTAAATTACA,0,1,,,,,TGAAGTAGAC,1,TCTGCCAGCG,1
418,CACTTGGGCT,1,1,,,,,CCTGAGGGCG,1,AACTTGGCCT,1
419,ATCTGGGGTT,0,1,,,,,CTTCCCTCCC,1,CCCTGGCGCT,1
420,CTTTTTAGCT,0,1,,,,,GATAGCATGT,1,CGGTAGGGTC,1
421,CGCGGCGGGT,0,1,,,,,CACCTAAGTT,1,CACTCCTGGT,1
422,ATCGAAGCAC,2,0,,,,,CTGATGGAGT,1,AACTAGGAAT,1
423,ATGCGCTAAC,1,0,,,,,TACACGGGGG,1,CACGAGGGTC,1
424,TTACAGCTCG,0,1,,,,,AACGTGAGCT,1,CACTTGCGTT,1
425,CAGTGGGATT,0,1,,,,,GTACAGCAAG,1,CAATTGGGCT,1
426,CTGCTAGTTG,1,0,,,,,GCACGGGCAT,1,GACTAGGCGT,1
427,CCTTGGAGTT,1,0,,,,,GCTGGCGGGT,1,GCCTAGTGTA,1
428,CTGTAAGGTC,0,1,,,,,TTACCAGAAA,1,CCCTAGCGTT,1
429,AACTAAGCTA,0,1,,,,,GAAAGATGGC,1,GCCTAGGGTC,1
430,GTCTATAGCT,0,2,,,,,GCGATATAGT,1,CTCGAGGGGT,1
431,TTGATCAAGC,45,48,,,,,GACTTGGAGT,1,TACACGGGTT,1
432,AACAAATGAC,0,1,,,,,TTCTGTTGTC,1,TCCTACAGTT,1
433,AATTAAGGTT,0,1,,,,,CAATATGGCC,1,CACATGGGCT,1
434,GATTCCTGGA,0,1,,,,,CAAGTGTCAA,1,TACTTGTATT,1
435,CACTAGGGCC,1,1,,,,,CAATGGTGAC,1,GACGAGTGTT,1
436,AACGACGCGC,0,1,,,,,CTCATATCTT,1,CGGTAGGGGT,1
437,TTTACATACC,0,1,,,,,CAGATTAAGC,1,CACTAATGTT,1
438,ATGCACGGGT,1,0,,,,,CTAATCGGGC,1,CTGGACCAGC,1
439,TTGACGTAGC,0,2,,,,,TTCATATCCT,1,CACTCGTGCA,1
440,CGGTAATTTC,0,1,,,,,TTGTTTTATT,1,TAGCCGAGCA,1
441,CACTAGGGTC,42,55,,,,,AGATTGTTTT,1,GACTTCGGCT,1
442,ATCAACTAGC,1,1,,,,,CAGTACTATT,1,TGCGGTGTAG,1
443,GTTTCGGGTT,0,1,,,,,TTCAAGCCGG,1,TATTGGAGTT,1
444,CCATAGAGTG,0,1,,,,,CACACCGGTG,1,TCAGCCAAGC,1
445,GGCTTGTTCT,0,1,,,,,TGAATTGGGT,1,CCTAGCGTTA,1
446,ATGGTCTCGC,0,1,,,,,CCTTCGTCGT,1,CACACGGCGC,1
447,GGGGGCCAGC,0,1,,,,,TAGATGTGTT,1,TAGAGTGTAT,1
448,CGTTTGAGGT,1,0,,,,,GTGAATTTGC,1,CGGAGGGGGT,1
449,TCGATCTATG,0,1,,,,,GGGCGCAGGC,1,TACTCGAGGG,1
450,TCGCTATAGC,0,1,,,,,GCCATGTAGC,1,GACAAGTGAT,1
451,GACTAGAGTT,1,0,,,,,CCCCTCAATT,1,TTCATCTCCT,1
452,TTTTTTTCGC,0,1,,,,,GTTCTCTACC,1,GTCACTAACT,1
453,CACTAAGGTA,0,2,,,,,CTCTCGGTAT,1,AACATAGCAT,1
454,GACACGCGCT,0,1,,,,,TTGTTATGGA,1,TAGTACTAGG,1
455,GAGCCTTACG,0,1,,,,,GTGGCCAGGA,1,GTATAGACCG,1
456,AACTAGTGTT,0,1,,,,,CGCAAGAAGT,1,ATAACTAGCC,1
457,TAGTGCGAGC,0,1,,,,,TACGAAACGC,1,CCGTGGGGGT,1
458,CCTCGGTGTT,1,0,,,,,TACACTCGAC,1,CCGGAAGGGT,1
459,CACTAGGGCG,6,5,,,,,TTTCGTCACT,1,CGCTTCTGGT,1
460,TTGGTCAAGT,0,1,,,,,GCGAGGTAGC,1,TTCGCCAGCC,1
461,TCGTAGGGCT,0,1,,,,,TACATCGAGT,1,TATACCGAGC,1
462,GTCAACTAGC,0,1,,,,,GAGTGTAGAA,1,TACATGAGGT,1
463,TTGTACTAGC,6,3,,,,,TACCACGGGA,1,GTTAACATCG,1
464,TCCTTGTGGC,1,0,,,,,TTTGCGTAAG,1,TTGTCATTCA,1
465,ATGATCTAGT,0,1,,,,,GAGTAGTGAT,1,TTCTTCTATT,1
466,AACTAAGCTC,0,1,,,,,CCTTAGCGTA,1,GCACGAGACC,1
467,TTTATCCAGC,2,1,,,,,ACCTAGGGCA,1,TGATAATTAG,1
468,GCATTCAAGC,0,1,,,,,TAGTCCTTGC,1,GACGGCAGCA,1
469,CACGATAGTT,1,0,,,,,GTGTACAGAA,1,CTGATATGGA,1
470,CGCTAGTCTT,0,1,,,,,CACTCTTGTC,1,GACCTAGGTA,1
471,GCCAGCTGGC,0,1,,,,,CTTAACGAGT,1,CGCTCTAGCT,1
472,TTGAATTAGC,2,2,,,,,TCTAACGCTT,1,CACAAGGAAC,1
473,CCCTATGCTT,1,0,,,,,TTGACATAAT,1,GATATTGTTA,1
474,TATAGAGACC,1,0,,,,,TTGTTAGCTT,1,CCTTCGTTCA,1
475,AAGAACGATA,0,1,,,,,TGCAGATTTA,1,ATACTCGGGT,1
476,TTAATCCAGC,2,0,,,,,TCGAAGTTAC,1,ATATGCTATC,1
477,TTGATGTACC,1,1,,,,,TGGTTTTAAC,1,TCTTCGTAGC,1
478,TATAACTAGC,0,1,,,,,TTGAAAGGTA,1,TTCAAATCGC,1
479,CACTATGTCT,1,0,,,,,CCAATCTGAT,1,TCAATGGGTC,1
480,TAGATCTGTC,0,1,,,,,GTCGCAGCCT,1,CACTCGGTCG,1
481,TTGACCTAGT,1,1,,,,,TCACTAGCCT,1,TCCCGTTTGC,1
482,GTGCTCTACT,1,0,,,,,GCATGCCTGC,1,GGGTGTTGAG,1
483,CGCCTGTGGT,0,1,,,,,ATCAGGTCTT,1,TGGACCGCGG,1
484,CAGTCATGGT,0,1,,,,,TAATGGGAGC,1,CTGACTAACA,1
485,CGCTAGTATC,1,0,,,,,CCTCGGTGTT,1,CTTGAAGTTT,1
486,TACTAGCGGT,1,0,,,,,GAAGTCATCT,1,TAGCTAAGGG,1
487,TCACGTCCTC,0,1,,,,,TAAGGTATGC,1,TGCGGATACG,1
488,TGGATGTCTC,1,0,,,,,GCTTTGCATA,1,TAATGCGGGC,1
489,CCTTCAGGCA,0,1,,,,,GTATCCAGCG,1,TGCTCTGCGC,1
490,CCATCTTGCT,0,1,,,,,AATGACTCGC,1,TATAGCGCGT,1
491,CGTACTTACC,1,0,,,,,AGCGGTTTAG,1,TAGCCGGGTT,1
492,CACGCGGGCT,0,1,,,,,CATAACTGGT,1,CGTGGTGGCG,1
493,TTGTAGGAGT,1,0,,,,,AACGTTTCTG,1,CCTGAGGATG,1
494,GCCTAAGGTA,0,1,,,,,TGTTACACGC,1,TTCAATTGGG,1
495,GGTTCCTGTT,1,1,,,,,CTTGGCAATC,1,CCATAAGCCC,1
496,TCATCTTTAG,1,0,,,,,ATCCAGCGTT,1,CACGCCAGCC,1
497,AAAATCCGTT,0,1,,,,,CCCTGGTGTT,1,TGGATTAAGT,1
498,GACTTCGGCT,0,1,,,,,GCCACTAGGG,1,TATGCGTGCG,1
499,TACTAAGGGT,2,0,,,,,TTCTTGTAGT,1,GGTAGCCAGC,1
500,TGGCTCTAGC,3,1,,,,,TGGATGTCTC,1,AAGAAGGATT,1
501,AAGTCGGCTT,0,1,,,,,CAACAAAGCT,1,TATCCGGGCT,1
502,CACTATTATT,0,1,,,,,TCTAATTATG,1,TACTAGTTAG,1
503,TTAATGGCGC,1,0,,,,,TTTACTTTCC,1,GCACAAGGGT,1
504,GCCTAGTGTA,0,1,,,,,ATGTTACAGC,1,AGAGACAGGC,1
505,ATCTATCGTT,1,0,,,,,GGGGCTGCCC,1,ATTTTCGCCT,1
506,CAGTCGCATG,0,1,,,,,TTGACGTTAG,1,TTTTTTTCGC,1
507,CTCGAGGGGC,1,0,,,,,GCTTCATACA,1,AACGAATAGC,1
508,TTCGCCTAGC,0,3,,,,,CTGTGAAGTT,1,TCGAGTCGGC,1
509,CACTTGGAGT,0,1,,,,,CTAGTTTGGT,1,GCTACATCCT,1
510,CACAAGGCTT,3,2,,,,,CCTTAGGTCT,1,CTGAGATGTG,1
511,AACTAGGCTT,2,2,,,,,TCTCGCAAGC,1,GTTCTTGTGA,1
512,CTTATCTAGC,1,0,,,,,ACCGATATAG,1,GCGTAAGGCA,1
513,GTCTATGGTT,0,1,,,,,CTCTTGGAGC,1,GTTCGTGGAC,1
514,CCCAATGGCG,1,0,,,,,GATACGCGCT,1,TTACAGCTCG,1
515,TTGATCTGGG,1,0,,,,,GCCATTTGTT,1,TACGTGGGCT,1
516,CTCTAGGATT,3,8,,,,,CAACGGTAAT,1,AACAAATGAC,1
517,CTTGATCTAG,19,17,,,,,GGCGCTGCAA,1,CATTCAGCGT,1
518,TGCAGATTTA,1,0,,,,,TTGAGCGCCT,1,CATATCGGCG,1
519,ACCGATATAG,1,0,,,,,TTTATCGCAC,1,CACCTGGGAA,1
520,CACTAGGGAG,0,1,,,,,ATATTCGAGG,1,TTACAGTTAG,1
521,CACTAGGGGA,2,1,,,,,TTGAGCTCTT,1,GATTGGGCGT,1
522,ACTGGTCGCC,3,1,,,,,GGTACTGAAG,1,TTGACGTGCT,1
523,GCCTAGTGCT,1,0,,,,,ATGCACGGGT,1,TTGACTTGCT,1
524,GATTACGGTT,1,0,,,,,TTCTTATACC,1,TACTTCTGTT,1
525,GACTAGTTCT,0,1,,,,,TGAAGTTTGC,1,TGCGCATGTC,1
526,CACTAGCTTT,0,2,,,,,TGTTCAGGTC,1,CACTGGCTGT,1
527,TTGATCTGGC,89,97,,,,,TTAATAGACA,1,ATCATAGCTC,1
528,CCATACTGGG,0,1,,,,,TCGATATCGT,1,CTTTTTAGCT,1
529,GATATTGTTA,0,1,,,,,GTGCTCTACT,1,CTCCTCTTAC,1
530,TTCATCATGC,1,0,,,,,CGAGAACGTG,1,GCTTAGTAGC,1
531,CGTTCGGGTT,1,0,,,,,GAGACACGTC,1,CTGGAGGGTA,1
532,TTGTTCTTGT,1,0,,,,,ACGTAGGACG,1,TTAACCGCGC,1
533,CCGATCTTCA,0,1,,,,,TATTCTTTTA,1,CGCGGGTGGT,1
534,TTGTTCTAAC,2,0,,,,,TTGGGAGACG,1,ATGACCGTTT,1
535,AACGGAGCTA,0,1,,,,,GGCGCCGGTT,1,CGGTAATTTC,1
536,CTGATGGGCG,0,1,,,,,TCACGGCGCT,1,TCCTTCTAGG,1
537,TTGGACTAGA,1,0,,,,,TACTGCGCTT,1,TACTTCTTCC,1
538,CCCTAAGGTT,0,2,,,,,TGTGCGTCGT,1,GTGAATAGGT,1
539,CTCTGGAGTT,1,0,,,,,CTCGTGGTTA,1,CAGACGTACC,1
540,CACTCTTGTC,1,0,,,,,CCAAAGGCTA,1,GATTCCTGGA,1
541,TTGATGTGAC,1,0,,,,,ATGAGCCGCC,1,GATGGTCAGT,1
542,GACTCGGGTC,0,1,,,,,CTGTTAGGTT,1,TATGCTAAGG,1
543,TTGTAGGAGC,1,0,,,,,TATTCTGCAC,1,AATAAGGGTC,1
544,AACACATGAT,0,1,,,,,CACGATTATT,1,CCTACGACAA,1
545,TACGTGTAGC,0,1,,,,,TTCATTAATG,1,TCAACCGCGT,1
546,CTCTTGTCGC,0,1,,,,,TATTGGGGTA,1,GAGTCCCTGC,1
547,ATCATCTAGC,0,1,,,,,CAGTACGGCC,1,TTGTGGTAGG,1
548,CAAACAGTGG,1,0,,,,,CCGCAAGGGA,1,CCCAATTGTA,1
549,GGCGCTGCAA,1,0,,,,,AAGTATAGTT,1,TAAAGGGTAC,1
550,CTCTAGGTTT,0,1,,,,,TGAACTTACC,1,GACTGCTAGC,1
551,GATTGATAAT,0,1,,,,,TCAGCGCTCT,1,CCGTACAGCC,1
552,TACTAGTGGT,2,1,,,,,GAACTGTGTT,1,GCTAGTCGCC,1
553,GCCATACCCT,1,1,,,,,CCTTATGGTA,1,CACGCGCGTT,1
554,CTATCTTGCT,1,0,,,,,TCTGATTGTA,1,GAATAGCGGT,1
555,TAGAGTTTTT,0,1,,,,,TGTAACTAAA,1,ATAAGGTTAT,1
556,TCGTATTGTG,1,0,,,,,TTGAGAACCC,1,GCGCGGTAAG,1
557,TTCATTTACC,0,1,,,,,ATGTGATGTG,1,CACAGCGCGC,1
558,GTTGCAGCGA,0,1,,,,,CGCTACGCTC,1,GTGATAAAGG,1
559,CCTTAGCGTA,1,0,,,,,ACATGAACGC,1,CATTGGCAGC,1
560,ATGTGAGGTT,0,1,,,,,AAATACAGTA,1,CGCGAGATGC,1
561,CGTAAAGCGC,0,1,,,,,TTGACTCACC,1,GCAGTTCGGG,1
562,AGCGGTTTAG,1,0,,,,,TCCGGGTAGG,1,GACGTCCCAC,1
563,CATGTATTAG,0,1,,,,,TGCGTGGGGC,1,GGCTCTAATT,1
564,GGTGCTTGTT,0,1,,,,,CATGAGGATG,1,TCGGGTTAGC,1
565,TAATATGGTT,1,2,,,,,ACAAGAGTAA,1,CGTAAAGCGC,1
566,TTGGTAGGTC,1,0,,,,,TCATACCGTG,1,AAAATCCGTT,1
567,GGTTTGGATC,1,0,,,,,TAAAGCACGC,1,CTCGGTTGGT,1
568,ACTCACTTTG,0,1,,,,,GCCTAATGCA,1,CCGCAGGGTT,1
569,GATAAGCGTA,0,1,,,,,CTGATATATC,1,CCTTCAGGCA,1
570,GCCTCGGGCT,0,1,,,,,ATTCCTGCGC,1,AACGGAGCTA,1
571,CCTACTGGTT,0,1,,,,,AAAGATGGCA,1,TTTCGGTAGC,1
572,TTCTTCTGGC,1,0,,,,,TAGTGTAAAT,1,TTAGTGCAGC,1
573,CTTTCGGGTT,0,1,,,,,TTCATGGATC,1,TAAACACAGT,1
574,AAGATCTAAC,0,1,,,,,AACACTAGCA,1,TAATCGAGTC,1
575,TTTATTTAGG,0,1,,,,,ATCGCTAACT,1,TCATAAAGCT,1
576,GTCATCTAGC,5,3,,,,,GTCTATGGCT,1,CAATTGGCAT,1
577,TGCACCCAGA,0,1,,,,,CTTAACCTCA,1,TTGTTTTGGA,1
578,TCCTACAGTT,0,1,,,,,TTGGCCACTT,1,GAGCTCTCGC,1
579,GCGCAAAAAG,1,0,,,,,CAAATGGGCT,1,CAGCGATATG,1
580,GACTAGGGGT,1,4,,,,,GGTTTCTGCA,1,TTTATACGCG,1
581,CCTACGACAA,0,1,,,,,CATACGGGGG,1,CACGACGGCT,1
582,TGGATCTCGT,1,0,,,,,TTGATTGCAT,1,ATGCGCAAGC,1
583,CGCTAGCGTT,1,0,,,,,TACATTGAGA,1,GACTCGTATT,1
584,GCCAAGGGCT,0,1,,,,,CTGAACGTAT,1,CCTACTTGCG,1
585,TGAATCTAGC,0,3,,,,,ATAGGGGGTG,1,GTGACCTGTC,1
586,GCATTCGGGT,1,0,,,,,CAGGTAGGTT,1,CCGAAAAGGT,1
587,ATGAGCCGCC,1,0,,,,,GCAAACCGTT,1,TACGTGTAGC,1
588,TCGGGTTAGC,0,1,,,,,GGGTTCAGCC,1,CAGGTGTGAC,1
589,TGCTAGGGGT,1,0,,,,,ATCGGACGAA,1,CTGGGCAGTC,1
590,GAGCTCTCGC,0,1,,,,,TAGGCCGGGC,1,CTTCTCCAGC,1
591,TCAAGCGAGC,0,1,,,,,CACTATAGGC,1,AAATTTTTGT,1
592,TTAAGCTAAC,1,0,,,,,ATTTCAGCAT,1,AAAAGGGCTT,1
593,TTGATGTAAC,1,0,,,,,AAAGTGTCAT,1,CTTAGTGTTG,1
594,ACTTTAGGCC,1,0,,,,,TTGGCCTATG,1,ATTTTCTAGT,1
595,GACGTCCCAC,0,1,,,,,CATTGAGCTC,1,TACAACTATT,1
596,TGGAGCTAGC,6,1,,,,,TGTCTCTTGC,1,TCGACCGCGC,1
597,TACTCTGCGG,0,1,,,,,GTTGTCTGGT,1,TCAATGTACA,1
598,GGTTTCTGCA,1,0,,,,,ACAACCAGCA,1,CGCCTGTGGT,1
599,CCATTCGCGT,1,0,,,,,TCCTGCCTCT,1,TTCATCTGAT,1
600,CTTGAAGCTC,1,0,,,,,TGCACTGTCA,1,GACTATGTCG,1
601,CGTTAGGATG,0,1,,,,,CTCATGGGGC,1,GGTGCAGCTT,1
602,TTCGCCAGCC,0,1,,,,,AGATATTGCT,1,TACATGTATC,1
603,CACTACGGGT,2,3,,,,,GCCTGGTAAC,1,CGCCGGGCAC,1
604,TTGATAGCAC,0,1,,,,,CCTCAGGATT,1,GAGCCTTACG,1
605,CATTACGATC,0,1,,,,,ACTGCTACTC,1,CCTTAGTGCA,1
606,AACTAGGATT,1,0,,,,,CCGATGTGGC,1,CTCAGGTGTC,1
607,CACTAGGAGA,1,0,,,,,GGTTTGGATC,1,CCGATCTTCA,1
608,CGCTAGGGAG,0,1,,,,,TTAGACTGGT,1,TAATCTAGTT,1
609,TTCATGTAGT,0,1,,,,,TACGACGGGT,1,TTTTCCTGTC,1
610,AAGCAGGGAC,0,1,,,,,TCGTATTGTG,1,TCAATTAAGC,1
611,CACTAGATTT,1,0,,,,,TTGACGCCTG,1,AACATCTTGC,1
612,TCTATCTAGC,4,0,,,,,GGAGTTACTT,1,GGTCTAAGGC,1
613,CACAGCGCTT,1,0,,,,,CAGAAAGGCC,1,TAATGCTAGT,1
614,CCGTACAGCC,0,1,,,,,CGCGGCTGGC,1,TTGACGCTAT,1
615,AACTATGGTT,1,1,,,,,TTCAAGGGCG,1,CCCTGGAGGG,1
616,TTTATGTAAA,0,1,,,,,GCGCAAAAAG,1,ATCTACGTTC,1
617,ACTAGGGTTT,2,10,,,,,TTCATTAGCT,1,TTAGATGGTG,1
618,CCTACTAGGG,4,0,,,,,GATTCATTCT,1,TTAGGGGGAT,1
619,TACATGCGGG,1,0,,,,,CCCTCGAGCT,1,TCATGCGGTT,1
620,TTGAACTAGT,4,2,,,,,TTGACCTGCC,1,CCCTGGGTGT,1
621,TAGTTCGGGC,1,0,,,,,AGTCGTCGGT,1,TAGGTCGACG,1
622,CACTTGGGTA,1,2,,,,,ATATGGGAAT,1,GCTATTAGCA,1
623,CTCAAGGGAT,0,1,,,,,TACACCTTAA,1,TCCTTACGCC,1
624,CTCTAATGTT,0,1,,,,,TGAATAAATC,1,CTCTTGTCGC,1
625,TTAACCGCGC,0,1,,,,,GTGATCGTGT,1,TTCCGGGGGC,1
626,TTGACCAAGC,2,1,,,,,TTAAGCTATG,1,GCCATACCCT,1
627,ATACAAGCAC,0,1,,,,,CTAGCTAGCC,1,TATACTGAGT,1
628,GAATAGGCTA,1,0,,,,,TCTGGCTATC,1,TACTGATCAT,1
629,CTGCTCTAAC,1,0,,,,,TATAGAGACC,1,CCATACTGGG,1
630,CATATGGGTT,0,1,,,,,AGCTTGCGCA,1,GATTATGCTT,1
631,AAATAGGGTT,4,5,,,,,GATGGCGAGC,1,CATTCGGCTT,1
632,GTGGGCCAGC,1,0,,,,,CGCACTTGCA,1,TTCACCGACC,1
633,CGCTAGGCTT,0,3,,,,,GCAACTTTGG,1,TTGATTCGCC,1
634,TGTATTTTAA,1,0,,,,,CTGACCGGCT,1,TCAAGCCGGT,1
635,ATGTACTAGC,1,1,,,,,CTTGAAGCTC,1,GTCTTAGGAT,1
636,CACATGTATT,1,0,,,,,TTGTTAGACC,1,GCTATCTGGC,1
637,TTGAACTTGT,1,0,,,,,TTAACTAGAC,1,TGCTCTGGTC,1
638,TTCACGTCAA,1,0,,,,,TACTTGTCAT,1,AACTCATGTT,1
639,CAATAGGGTG,1,2,,,,,ATATAGGTCA,1,ATTGCTATCG,1
640,TAGACTAGCA,1,0,,,,,TAAAGCATGT,1,CGCTGGAGTG,1
641,GATTGGTCGG,1,0,,,,,TCCAACGGCG,1,GGGGGACATG,1
642,CACTGGGCTT,1,1,,,,,TACATTCTAC,1,ACGTATCGTA,1
643,TAGTAGTGGC,0,1,,,,,CATTAGGGAA,1,CGTGCTGGTT,1
644,CACCATGCCT,0,1,,,,,TACTTGTATT,1,TTGATGATGG,1
645,CCTGAGGGCT,0,1,,,,,GCCTTAGGTT,1,TACTCTGCGG,1
646,ACGAAATAGA,0,1,,,,,CTGGTATGTC,1,TTAAGATACC,1
647,GTGCCCGCTT,1,0,,,,,GAAGTTAATG,1,TCGTAGGGCT,1
648,TTGTTCTAGG,0,3,,,,,CACAAGAGGG,1,AGCAAGAGTC,1
649,CAGACGTACC,0,1,,,,,TGTACGCAGC,1,CACCATGCCT,1
650,TTGTTCGAGT,1,0,,,,,CCCTAGAGGG,1,TTCTTGTAAG,1
651,TAGATATAGC,3,1,,,,,TTTATATTCC,1,GTGATAGGGC,1
652,TGGATCTATA,0,1,,,,,CTTTTATAGC,1,TCTTTATAGC,1
653,GTCATATCGC,1,0,,,,,CTCTGTGAGC,1,CTATAGTAGC,1
654,CACTAGGTTC,0,1,,,,,CGGAACTAAC,1,ATCTTCACCT,1
655,TGCTAGGCTT,0,1,,,,,CTCAAATTAA,1,AGATGTGCTT,1
656,CGTGCTGGTT,0,1,,,,,CCATTCGCGT,1,GTCTAGGGAA,1
657,CGGTACGATT,1,0,,,,,GCCATACCCT,1,GTTCAGGCGA,1
658,TTGATCTGAA,1,0,,,,,ATATCTAATG,1,TTTTCCTACA,1
659,TTGCTCAAGC,1,1,,,,,AGTAAAATGG,1,ACTCACTTTG,1
660,TTGGGCTAGC,2,1,,,,,GTCCGAAAAG,1,GTCATATCAC,1
661,CACTTAGGGA,0,1,,,,,CTACAGTGAC,1,CTAATCGGGC,1
662,CGGACGGAGT,0,1,,,,,CAGTCGGGTA,1,ACGCAGGGGC,1
663,AGTAAAATGG,1,0,,,,,CCGATCGGTT,1,TTGTTCTCTT,1
664,TAGATCTTAC,1,0,,,,,GTCATGGAGC,1,TCTGTCCGGC,1
665,TGGATCGAGC,1,0,,,,,TACTAAGTAT,1,GGTAGCTGTT,1
666,CTGATCTAGT,1,1,,,,,CGCCCGGGGT,1,GCTCAGCAGT,1
667,CACTTGGTTT,0,1,,,,,TCCCTTCAGT,1,TACTCGCCAA,1
668,TCCTCATATA,0,1,,,,,ATGACCTCCC,1,GACAACAGTC,1
669,CATAACTGGT,1,0,,,,,CGAGATCGCC,1,CTCTTTTCCA,1
670,CACTAGGGGT,104,155,,,,,CTGTTCGATT,1,TCTTTGCAAA,1
671,CGCTTGGGTT,0,1,,,,,TACTGGCGCT,1,TCCTAGGGAC,1
672,GCGTTCTGCT,0,1,,,,,GATCCAAGAC,1,GGGGGCCAGC,1
673,CCTCAGGATT,1,0,,,,,TCATCAGCGC,1,TAAAGTCGGG,1
674,CAAAGGGGTT,7,0,,,,,TACGTTTTCA,1,ATTACGTACC,1
675,GTGATAGGGC,0,1,,,,,TTTAGCCGGC,1,CCTAGCTGTT,1
676,CGCTAGGTGT,0,1,,,,,GATTGCGGGT,1,CAACAGGCCC,1
677,TACTAGAGGT,0,1,,,,,GGGCATGGTC,1,CACATGTGGT,1
678,GACAATGGCT,1,0,,,,,ACGATGGCCT,1,CTGATGGGCG,1
679,AACTGGGCCC,4,3,,,,,TACGGGTGAT,1,CAGTCGCATG,1
680,TACGAAGCGC,0,1,,,,,CTTCTCTGTC,1,CAGTCATGGT,1
681,ATATCTAATG,1,0,,,,,AACGAAGCTT,1,TCCTTTTGTT,1
682,TTCATGTATT,2,1,,,,,CACTTGTATC,1,TCAAATTGGT,1
683,TTGATTCGCC,0,1,,,,,TTAAATTGGG,1,TTTAACTGTG,1
684,GGTAGCTGTT,0,1,,,,,GCGATGTCGC,1,TCGACAGCTT,1
685,TCCGGGTAGG,1,0,,,,,CAGTTCGATC,1,GCCTGGATTT,1
686,TTCTAGAGTT,0,1,,,,,CTGATCGGGG,1,TCCTTGGGTC,1
687,GACTGGGGGT,0,1,,,,,AATGTTTAGC,1,CAGCCCTGGC,1
688,ACGCTAGCGC,5,7,,,,,TGCTAGCATC,1,GCCTAAGGTA,1
689,GCTATTAGCA,0,1,,,,,TAAAACCCTT,1,GTAAATATCA,1
690,TTCATGTGGC,1,1,,,,,TTGATCCTTA,1,GATGGCCAGC,1
691,AACGAATAGC,0,1,,,,,TAGACTAGCA,1,CCGGCTCGTT,1
692,AATTGAGTGG,0,1,,,,,GCAGTTTAAT,1,GCATTCAGCG,1
693,CAGTCGGGTT,0,1,,,,,TGTATTTTAA,1,GATTCGTGCT,1
694,TCGTCATAGC,1,0,,,,,TAGTAGAGGT,1,GTGAGCGCCC,1
695,TTGACCGCGC,1,0,,,,,GTTCTGGTAA,1,GTTGCAGCGA,1
696,CTCTTGGAGC,1,0,,,,,CCTTGTTTAT,1,TCAATTTCGA,1
697,AATTTGAGGG,1,0,,,,,ACTACTTATC,1,TGTAAGTGCG,1
698,TACTCGCCAA,0,1,,,,,CCCTGAGGTT,1,GACTAGTTCT,1
699,CAGTACGGCT,0,1,,,,,GACGGCCAGG,1,TATTTAGATT,1
700,CCAGAGGGTT,1,0,,,,,TTGCGCCTGC,1,GATGTTTCGC,1
701,CGCTACAAGT,1,0,,,,,TTCTATGAAT,1,AGTAGCCTCA,1
702,TGTAGCTAGG,1,0,,,,,TTGGGGATAG,1,TTTAGCGAGT,1
703,TTGAAGTATT,1,0,,,,,TTGTTCGTTC,1,GATAAGCGTA,1
704,CCCTGGGAGT,1,0,,,,,GTGCCGGACA,1,CACTCCGGCC,1
705,ACTTCGCGCG,0,1,,,,,CTGTTTTCAT,1,AGAACGTTAG,1
706,ACGCTAGTTC,0,1,,,,,CGTAAGTGTA,1,TTGTCCTTGC,1
707,CATATCCGTC,0,1,,,,,TTATAGTCCC,1,AACAAGGCAT,1
708,CATTCGCTCG,0,1,,,,,GACAATGGCT,1,CTCAGGCTGG,1
709,TTGTGTTCGC,1,0,,,,,GTAATCCTGC,1,CTCTTCGTCG,1
710,TAGTAGGCGC,1,0,,,,,TGGATTTCAC,1,GGTCGATACG,1
711,TACTAAGTAT,1,0,,,,,ATTGCTAATC,1,AACCATGCCC,1
712,TTCAACTAGC,2,1,,,,,GCAATCTCTG,1,GTCGGCTATT,1
713,GGAGTTACTT,1,0,,,,,CTAACTTAGC,1,GCCAGCTGGC,1
714,CTCTAGGGTC,1,4,,,,,TTCACAGCCC,1,TCTCGGGCTC,1
715,TAGCTAAGGG,0,1,,,,,TACGATTAGT,1,TCGCTTACGC,1
716,TACTTCGGTT,1,0,,,,,GCCTAGTGCT,1,AACATCTACC,1
717,CTCTATGGTC,1,0,,,,,TTGGGTTTGT,1,TACTTACTCT,1
718,TACTAGGTAT,0,1,,,,,TGGCGGACAC,1,ATTCCCGCGC,1
719,CTGGACCAGC,0,1,,,,,TTCACGCTAC,1,ATATAGGGCC,1
720,TCAGCGCTCT,1,0,,,,,CTGTTCGGCG,1,AAGAACGATA,1
721,TTGATCTTGA,1,1,,,,,CCAATTCAAA,1,CCATCTTGCT,1
722,GACTAGGGCT,1,3,,,,,TACTAGAGGG,1,AAAAGCCAGC,1
723,TTGCTCTAGG,1,0,,,,,TAGCGGGTCT,1,CCCGCTGGCT,1
724,TAGTATGGGT,1,0,,,,,TGGCGCAAGC,1,CGCTTAGGTC,1
725,TCACGGCGCT,1,0,,,,,CGCTACAAGT,1,GACTCGGCCT,1
726,CTGAGCTGGC,0,1,,,,,ATTACGGCCC,1,CCATAGAGTG,1
727,TACATATGGC,0,1,,,,,CCTGTAGGAT,1,TACGAAGCGC,1
728,TTGTTATCGC,1,0,,,,,TTCTTCTGTT,1,GATTGATAAT,1
729,TATATCGAGC,1,0,,,,,TTTACCCAGT,1,GATTAAAGTG,1
730,CGCTAGGGTT,105,153,,,,,GAAGAAGTAT,1,ACGCTAGTTC,1
731,CCTACTTGCG,0,1,,,,,TAGTTAGGTT,1,GGATAGACTC,1
732,TTCATTAATG,1,0,,,,,TTCTGCTAAC,1,TCGGTTCAGC,1
733,ATATATAGTT,0,1,,,,,CCTGGAGTAT,1,AATTGTGGCT,1
734,GATGGCGAGC,1,0,,,,,GCATAGGTGT,1,TTGTGCTTGA,1
735,CACTCGGGCT,2,3,,,,,ACGATGTTGC,1,GAAAGGGGCC,1
736,TTCATCTTGC,0,1,,,,,TGGGTTTATA,1,AAGCAGGGAC,1
737,TGCTAGCATC,1,0,,,,,TACATCTACC,1,CTCTAGACGC,1
738,TACATCGAGT,1,1,,,,,TCGTGTCCGT,1,CATTTAGGGT,1
739,ATGTTACAGC,1,0,,,,,GATTGGTCGG,1,ATATCGCTTC,1
740,CTCATATCTT,1,0,,,,,CTGTACGTTT,1,CATTTGGCGT,1
741,TTGATGAAGC,1,0,,,,,GGAGTGGGGA,1,TTGAAGTGGA,1
742,TGTTCAGGTC,1,0,,,,,ACCTTAGCTC,1,CAAGCAGAAC,1
743,CACTGTGGTT,1,1,,,,,CAATAGAGAG,1,GCATGCCTGC,1
744,TACACCTTAA,1,0,,,,,GTGATTTATA,1,CACATGGGGC,1
745,AACTAGGCTA,1,0,,,,,GATCCCTGGA,1,AATAATTGCC,1
746,GTCAAGGGTT,1,0,,,,,GTCATTAGGT,1,ACGAAATAGA,1
747,TTGGCCTAGC,1,1,,,,,TTCAAGGAGC,1,TTTTTATTCA,1
748,CATCAGGGTT,1,0,,,,,TCGTATGGTT,1,AATGGAAGCA,1
749,GACGGCAGCA,0,1,,,,,CCTGGGGTCT,1,ATCATCGCCC,1
750,CATTAGGATC,1,0,,,,,ACATTTTGGC,1,TTTGGAGCGC,1
751,CACTAGTGAT,0,1,,,,,TCGTTAATTA,1,CAAGCTAGTT,1
752,CCTGGGGTCT,1,0,,,,,ATCTGGGATC,1,AACACATGAT,1
753,CCCTAGCGTT,0,1,,,,,GCGAGGGCGC,1,TTTTCGGCAC,1
754,GGTGCAGCTT,0,1,,,,,GCCATGTCTT,1,CAATACGGGC,1
755,CTTAGTGTTG,0,1,,,,,CTATCTTGCT,1,ATCCAGGATC,1
756,CTGTGAAGTT,1,0,,,,,TGCAGGCAGG,1,TACAGCAGTT,1
757,TCGGTCTAGC,1,0,,,,,CACCTAGCTC,1,TCGACATCCC,1
758,ACCGAGCGTT,1,0,,,,,CTCCTTTCCG,1,CCTGAGGGCT,1
759,GACTCGTATT,0,1,,,,,TGAAATGGCC,1,TAGTGCTGGT,1
760,TTGATCGATC,0,2,,,,,ACATGCATGT,1,TATACGAAGG,1
761,TTGATCTATC,149,196,,,,,CTGAGATGGG,1,CAAGATGTTG,1
762,AAATTTTTGT,0,1,,,,,AGTTAGGGTC,1,TTTACTATGT,1
763,CTCTGGGGTA,2,0,,,,,CCGTAGCGGG,1,TCGACCCAGC,1
764,TAGCTCTAGC,1,1,,,,,CGTTTGAGGT,1,TACACTAGGC,1
765,TTGTGCTAGC,2,4,,,,,GACGTGTTTT,1,CTGAAGGAGC,1
766,TTAATATAGC,1,2,,,,,ACCGAGCGTT,1,ACGGGGCGGG,1
767,ACATTTTGGC,1,0,,,,,CGGTACGATT,1,TATAAGTGGT,1
768,ATGCTTGACC,1,0,,,,,AACGACGATC,1,ACATTAAGCT,1
769,TTGATCTCGA,1,0,,,,,CTCTAAGCTC,1,TAGTAGTAGT,1
770,GCCTAGTGTC,0,1,,,,,CGCTGCGCGT,1,TATTGGTAAC,1
771,GCCATGTAGC,1,0,,,,,TTCACCAGCC,1,CTGTTGAGTC,1
772,TTGACATAGC,2,0,,,,,TTAACGGACG,1,TAGAGTTTTT,1
773,ACACATGGTG,0,1,,,,,ATCGTCGGTC,1,TTGTACGGGT,1
774,CACTAGGGCT,57,73,,,,,GCTTTGCGTC,1,GTCTATTCGT,1
775,CCGTAGGCTC,0,1,,,,,TAGTAGGCGC,1,GTTGCCTAGT,1
776,CACGAGGCAT,1,0,,,,,TCGGCTAGCT,1,AAGATTCGTT,1
777,AGCAAGAGTC,0,1,,,,,GACAGTGCGC,1,CAATTCTCGT,1
778,TAAAGTCGGG,0,1,,,,,CATCTCGCTG,1,GCCGTCCAGC,1
779,TTAGATGGTG,0,1,,,,,CAAACAGTGG,1,CATTTCTGGC,1
780,TTGATGTAGT,4,4,,,,,CACATGAACA,1,GCCAAGGGCT,1
781,CATTGGGGGT,0,1,,,,,CAAATCGTCC,1,TTTATATCCT,1
782,CCCCAGGGTT,1,0,,,,,CGAGGGTTAA,1,TGCACCCAGA,1
783,CACCAGGGCT,1,0,,,,,ACGTAAGCTT,1,GCATGACATT,1
784,GTGATCGAGC,2,0,,,,,TCATCGTGCC,1,TATATGTTGT,1
785,AGGAGTTATT,1,0,,,,,ACGCTTTGGA,1,CTTTCGGCCC,1
786,TTGGTCTCGC,0,1,,,,,TGTATCTATT,1,TAAACTATGC,1
787,TTGAAAGGTA,1,0,,,,,ACTTTAGGCC,1,CTTCAGGGCT,1
788,GAGTAGTGTC,1,0,,,,,TTCATTGACC,1,ATGTGCTACC,1
789,CAATACGGAT,0,1,,,,,CGCTAGGTCT,1,TGGGTCTGGC,1
790,CGCTACTGTT,1,0,,,,,CGTACTTACC,1,TTCTAGTGGT,1
791,CTCAAGGGCT,1,0,,,,,CGCGGCATAA,1,GTGCACTTAC,1
792,TTGCTCTCGC,0,2,,,,,TACTAGCTTG,1,CACAAGTGAC,1
793,CAATAGGGTC,1,1,,,,,TCCAGTTGCC,1,TTGCTATCAC,1
794,TTGGTCTGGT,1,1,,,,,GTTAAGGTCA,1,CATTGCCGTC,1
795,ATTTCAGCAT,1,0,,,,,CTGGCTAGGA,1,CCTCGTGCAT,1
796,GCGCGCGAGC,1,0,,,,,CGCTTCGATT,1,TGCCGTAAGT,1
797,CCGTATGGCT,0,1,,,,,CTGTCTTGTC,1,TATTGGGATC,1
798,CTTAACTAGC,0,2,,,,,CGCGGAGTCG,1,TTTCAAGGCT,1
799,TTAATCTAGC,110,91,,,,,GCTTACGGGC,1,TTCGCATGTT,1
800,TTCAAGGGCG,1,0,,,,,CTGTAACAGC,1,CCTTGTCGCT,1
801,TAGTTGTATT,0,1,,,,,TTCATCCTGT,1,CAGTGGAGTA,1
802,TTGATCCGGC,1,0,,,,,TCTGTCTCGG,1,CACCCGTCTT,1
803,ATGCTCTAGC,3,0,,,,,CTGCTAGTTG,1,GCCATTGCCT,1
804,AAACAGGAAC,1,0,,,,,AGAGTTCCAC,1,AACTTAGACC,1
805,TTGAGCTAGA,4,0,,,,,TAGACCCCAC,1,GTAAGAGTTG,1
806,CTCTGGGGTT,0,2,,,,,TCCGTGGTTG,1,TCAGGGGCTC,1
807,TTAGTGCAGC,0,1,,,,,TTGCCTAGCC,1,GATGAGCAGT,1
808,TGGATCCAGC,0,1,,,,,TTAACACGAC,1,TACTGAGGTC,1
809,CCCTAAGGCA,1,0,,,,,CTGATTAAGA,1,CCGTTAGCTT,1
810,CTGTTGAGTC,0,1,,,,,TTCTGCTGCC,1,CACAACGGGG,1
811,CATTAGGGTT,35,55,,,,,TTCATCATGC,1,GAATAGAGGG,1
812,CAGCGATATG,0,1,,,,,AAACAGGAAC,1,TGCAGGAGTC,1
813,TTGATCCAGT,0,2,,,,,GGCAACTGCT,1,CGCCTAGCAC,1
814,CTGGTATGTC,1,0,,,,,CATGAGGGAG,1,TCAACATTGG,1
815,TGGACTTACC,0,1,,,,,AGGACGTTAC,1,GCTTGGGGAG,1
816,CAATAGAGTT,2,3,,,,,CACAGCGCTT,1,AATTTGGGCT,1
817,CGATAGGTTT,0,1,,,,,TATTAGGGCA,1,CGCGGCGGGT,1
818,CAGATGTAGT,1,0,,,,,TTCACGTCAA,1,TCCTCATATA,1
819,TTGTTCTAGT,11,5,,,,,TGTAGCTAGG,1,ATATATAGTT,1
820,CTTCCCTCCC,1,0,,,,,TAGACATGGC,1,GACTTTGCCT,1
821,CATATCGGCG,0,1,,,,,CCCTAGCGAT,1,TGGATGCGGC,1
822,CAATGGGGTC,1,0,,,,,CCACTGCATC,1,CGCATCTAGC,1
823,CTGTTGGAGT,0,1,,,,,ACGTTCTCCC,1,GAATTTTCGT,1
824,TTGCTATCAC,0,1,,,,,ATGGTGTCTA,1,ATGCTAGCCT,1
825,TAGATATATT,1,0,,,,,TATGAAGGCT,1,TGGGCCTGTT,1
826,TCCTAGGTTT,1,0,,,,,TTAATGGCGC,1,TGGACCTTAT,1
827,TTCATCTGAT,0,1,,,,,CATATGTAAC,1,TACATACCCT,1
828,AAGTAGGGCT,0,2,,,,,GTGCCCGCTT,1,TTTCGCTAGT,1
829,CAATAGGAAT,0,1,,,,,TTAATAGTCC,1,CATTAAAGAT,1
830,GAGTAGTGAT,1,0,,,,,TTTGCCAGGC,1,ACAGCTAGGC,1
831,CACTATGATT,1,1,,,,,TAAGCGGGTT,1,GCTTCATGCT,1
832,CTATAGCGTG,0,1,,,,,TTCGCTTGGG,1,GCCTCGGGCT,1
833,TCATAAAGCT,0,1,,,,,GGATTCGTGT,1,CTCTGGAGAT,1
834,TTGTTCTATC,2,0,,,,,TTCATCCGTC,1,CGCACAGCGC,1
835,GGTCGAGCCC,2,0,,,,,GATACAGCGA,1,AGCCTAGAAG,1
836,TTTTCCTGTC,0,1,,,,,ATCTATCGTT,1,CCGTAGGCTC,1
837,CTCTAGGAGT,0,2,,,,,CCATTAAGTG,1,CATACGAGTT,1
838,CTGATTTAGC,3,1,,,,,CCTGGGTGGC,1,GGTTACGCCT,1
839,CACTGGAGTT,1,2,,,,,GAGTTCTGCT,1,TGCTTGAACC,1
840,GCACGTAAGG,1,0,,,,,CCGACGGCTA,1,TACCTTGGGA,1
841,GAATAGAGGG,0,1,,,,,CTCGAGGGAG,1,GTAATAGAGA,1
842,TCAGACCGGT,2,2,,,,,AGTGAGCATT,1,CAACGCTAAC,1
843,TTGAAGTAGC,2,3,,,,,TACATACCCT,1,CCGCAGTGTC,1
844,CACGAGAGTT,0,1,,,,,TATATGAGTG,1,CCTTAGGTTA,1
845,TTGATCTGCC,0,1,,,,,CGCATAGGTG,1,GGTACCTGGT,1
846,TTCACCTTGC,1,0,,,,,CGCTAGTATC,1,GTGTAGTGAT,1
847,GGGAGTCTTA,0,1,,,,,GCACGTAAGG,1,CTCGAGACGG,1
848,TACTAGTGAT,1,0,,,,,GAATTTTCGT,1,TGGGTCTCGG,1
849,CACTAGGCTT,30,32,,,,,TAAATGGAGA,1,GGGAGTCTTA,1
850,AACGTGAGCT,1,0,,,,,GACATGTGTA,1,TAGTAGGTTC,1
851,ATGATTTATC,1,0,,,,,TCTCGCAGGT,1,GTGGTCTTAG,1
852,CGCACAGCGC,0,1,,,,,TTGCACGGAT,1,CTTGTACGTG,1
853,TGGACCGCGG,0,1,,,,,TTGGTCGGAT,1,TCGGCGGATC,1
854,TAAGCTAGGG,3,0,,,,,GACGAATGGT,1,TTTGCTAGGC,1
855,CGAGGGTTAA,1,0,,,,,TTGAATGACG,1,GGTGGCTAGC,1
856,CCATAGGGTT,9,8,,,,,TTAGTTTGGC,1,CTAAATTACA,1
857,CTCAAGGGTT,3,5,,,,,TAATGAAGGT,1,GACACGCGCT,1
858,GCGAGATCGC,1,0,,,,,CTGCTCTGTG,1,GGGTGGGGCA,1
859,ATACGCTAAC,2,3,,,,,ACGGATTCTA,1,CATTACGATC,1
860,TAGTAGGGTT,2,4,,,,,TACATGCGGG,1,CATGTATTAG,1
861,CGCTAGAGTT,2,2,,,,,TTCTACGGTC,1,CTTACGTCAG,1
862,CATTGGCAGC,0,1,,,,,GAATAGGCTA,1,CTATAGCGTG,1
863,TTCATCTAGC,59,51,,,,,GCATTCGGGT,1,GATTATTAGT,1
864,TACGAAACGC,1,0,,,,,TAGACTTAGC,1,AATTGAGTGG,1
865,TCGATCTGGC,1,0,,,,,CAGATGGGTT,1,TCAAGCGAGC,1
866,TTGCTATAGC,2,6,,,,,TACTTGGCTT,1,CTGATCGGAC,1
867,TATACTGAGT,0,1,,,,,CGTTATGGTT,1,CATATCCGTC,1
868,CCGTTAGCTT,0,1,,,,,TTGATAGCTC,1,CAGTGGGGCT,1
869,ATATCGCTTC,0,1,,,,,CTCAACTATT,1,CTCAAGGGAT,1
870,TTGGACTAGT,1,0,,,,,CACTAGGTAT,1,AAATAGAGTT,1
871,CAATCGAGTT,1,1,,,,,TTGATCTACA,1,TATAACTAGC,1
872,TCATCAGCGC,1,0,,,,,TTGATTTGGT,1,TTGATTAGGC,1
873,TTGTGTTAGC,1,0,,,,,TTAGTCTAGT,1,TTGGTCTAGT,1
874,ACGATCTAGC,1,0,,,,,TTGATCGCTC,1,TTGGTCTCGC,1
875,TCGACAGCTT,0,1,,,,,TGGACCTGGC,1,ATGGTCTAGC,1
876,TTGAAGTAGT,1,0,,,,,TATATCGAGC,1,TTAATTTAGA,1
877,CAGTACTATT,1,0,,,,,GACTAGGTTT,1,TTGTTATAGT,1
878,TCCAGTTGCC,1,0,,,,,CCCTACTGTT,1,CTGAGTTAGC,1
879,TTGACTTAGC,2,3,,,,,ACGTTGGGTT,1,TTGATCTCTC,1
880,CTGATTAAGA,1,0,,,,,GAGTAGTATC,1,TTCTTCTAGA,1
881,TCCTAGTGGC,1,0,,,,,GCGCGCGAGC,1,GTGGTCTAGT,1
882,TTCTACTGTT,0,1,,,,,TTGTTCGAGT,1,TTGAACATGC,1
883,AACTAGGGTT,101,158,,,,,TTGACCTAGG,1,TTCATGTAGT,1
884,GAGTTCTGCT,1,0,,,,,TTTACCGAGC,1,TTCGTCTGGC,1
885,TGCGGTGTAG,0,1,,,,,CGGTAGGGTT,1,TCGATGTAGC,1
886,GACCTAGGTA,0,1,,,,,TTGAACTACC,1,TTGAGTTTGC,1
887,GGCTACTGTT,1,0,,,,,ATGCTTGACC,1,TTCATGTATT,1
888,TTCATCCGTC,1,0,,,,,TTGTACTGTT,1,TTCAACTAGC,1
889,TTCATGGATC,1,0,,,,,TCGATCTACC,1,AAGATATAGC,1
890,CCAAAAGGGT,0,1,,,,,ACGATCTAGC,1,TTGTTCGATC,1
891,GACGAGTGTT,0,1,,,,,CCCTACGGTT,1,TTGCTCTAAC,1
892,TAGAGTGTAT,0,1,,,,,GTGCTTGAGC,1,TTGATCAAGG,1
893,AACTAGGGGT,2,0,,,,,GGCTACTGTT,1,TTGACCTAGT,1
894,TCGGTCAGGC,1,0,,,,,CACTATGGTC,1,TCGATTTGGC,1
895,CAGTACGGTT,0,2,,,,,CTGTAGTATC,1,CTGTTCTAGT,1
896,TAGATCTAGG,2,1,,,,,TCTATCTTGC,1,TAGATCTAGG,1
897,CACTGGCGTT,0,1,,,,,TGGCTGTAGC,1,TCGATCTATG,1
898,CTGATCTAAG,1,0,,,,,ATGATATAGC,1,CTGTTGGAGT,1
899,CTGTAGGATT,1,0,,,,,CAATATGGTT,1,ATCATCGAGC,1
900,TAAACGTCGG,1,0,,,,,TTGACCGAGC,1,TTGACCTGGC,1
901,ATTGAGGGAT,0,1,,,,,GTCTAGGGTT,1,TAGTTCTAGC,1
902,GACTACTGTT,0,1,,,,,CACGAGGGGC,1,ATACTCTAAC,1
903,GTGATCGTGT,1,0,,,,,CACTTGTGGT,1,ATAATCTAGC,1
904,CGCGACTGTT,0,1,,,,,TAGACCTAGC,1,ATCTTCTAGC,1
905,GCTAGTCGCC,0,1,,,,,CTCATCTATT,1,TTGACTTACC,1
906,TGAAATGGCC,1,0,,,,,CTCATCTAGC,1,TTAAGTTAGC,1
907,TCGATCTAGC,41,44,,,,,AACTAGGCTA,1,TCCATCTAGC,1
908,TCGTGCTAGC,1,0,,,,,TTCATCTAAC,1,TTTACTTACC,1
909,TTCTAGGATT,0,1,,,,,CACATCTGTT,1,TTTATGTAAC,1
910,CGCTACGGTT,0,1,,,,,CTTATCTCGC,1,TTGATCGTGC,1
911,TTGAACTAGC,93,95,,,,,TTGATATGGG,1,TTAATCTTGG,1
912,CACACAGGTC,0,1,,,,,CACGAGGCAT,1,TTGTTTTAGG,1
913,TTGTTCTTGC,1,0,,,,,TTTATTTAGT,1,TTGGGCTAGC,1
914,GTGAGCTAGC,11,6,,,,,TTGAACTTGT,1,TTGATCTGCC,1
915,TCCTTTTGTT,0,1,,,,,GACTTGGGTC,1,TTAATTAGGT,1
916,CTGATCTAAC,1,0,,,,,GTCATTTAGC,1,CTGATCTGTC,1
917,TAGATATGGC,0,1,,,,,ATATGGGGTT,1,TTGACTAAGC,1
918,ATGATAGAGC,0,1,,,,,GACTGGGGTT,1,TAGATCTGTC,1
919,CGCGGCATAA,1,0,,,,,CACTTGGGTA,1,TTGAACAGGC,1
920,GTAAGAGTTG,0,1,,,,,TGGAGCTGGC,1,GCGCACTAGC,1
921,GATTAAAGTG,0,1,,,,,TTGAGTTAGT,1,AAGATCTAAC,1
922,TTGGTCTAGG,3,1,,,,,CAGAACTAGC,1,ATGATCAAGC,1
923,GTGACCTAGC,2,1,,,,,TTGTACTAGT,1,TTGTTGGAGT,1
924,CATTACGGTC,1,0,,,,,TTGAACTCGC,1,TTGCTCAAGC,1
925,CACTTGCGTT,0,1,,,,,TTCATCTAGG,1,TTGTGCGAGC,1
926,TTGGCCTATG,1,0,,,,,TTGACTGAGC,1,TTGGTCAAGC,1
927,CGCGAGGGTT,0,1,,,,,CTGATCTATT,1,TGGATCCAGC,1
928,CACTTGGGCC,0,1,,,,,CCTTCGGGTT,1,TTGATCTTAC,1
929,ATGATATAGC,1,0,,,,,TTGATTTAAC,1,TTAAACTGGC,1
930,TTGTTCTAGC,77,107,,,,,TGTATCTCGC,1,GTGCTCTAGC,1
931,CAATATGGTC,0,1,,,,,GTGAGCGAGC,1,ATGTTCTAGC,1
932,CTAGCTAGCC,1,0,,,,,CATGAGGGTT,1,GTGACCTAGC,1
933,TACTAAGCTT,1,0,,,,,CTTAAGTGTT,1,GCCAACTAGC,1
934,GTATCCAGCG,1,0,,,,,TTGGACTAGT,1,TCGAACTAGC,1
935,CAGTACTGTT,0,1,,,,,CGCTATGGGT,1,GTGATCGAGG,1
936,CACTTGGGGT,3,4,,,,,CTCTAGGGTC,1,TCGATCTAGA,1
937,CTCTTAGCAT,0,2,,,,,CACTAGGGGC,1,TTAATGTAGC,1
938,AAAGTGTCAT,1,0,,,,,ATGATTTATC,1,CCCTCGGGTG,1
939,TACGTTTTCA,1,0,,,,,TACTGGGGTT,1,CTGTTCTAGC,1
940,TAGTCCTTGC,1,0,,,,,CGCTATAGTT,1,CTGATTTAGC,1
941,CCGGCTCTGA,1,0,,,,,TTAAGCTAAC,1,TTCAGCTAGC,1
942,GCGAGCGAGC,1,0,,,,,CACTGGAGTT,1,ATGTTCTTGC,1
943,CACTGCGGGT,0,1,,,,,CCATAGAGTT,1,TTCATCTTGC,1
944,ATTCTCTAGC,0,1,,,,,TTTCTTTAGC,1,TTTATCCAGC,1
945,CACGAGTGTT,0,3,,,,,TTGCTCTACC,1,ATACGCTAGC,1
946,CTAATCGGGC,1,1,,,,,CAAGAGAGTT,1,TTGCGCTAAC,1
947,CACAAGAGGG,1,0,,,,,CGCAAGGCTT,1,TTGACGTGGC,1
948,CATACGGGTT,1,0,,,,,TTGATCTACT,1,TTGTTCTGGC,1
949,CAAAAGTGTT,1,0,,,,,TTGATCTTGA,1,TGGATCTATC,1
950,TACAAGGGTA,0,1,,,,,TCTCTCTAGC,1,TAGATCTATC,1
951,TGGCGCAAGC,1,0,,,,,TTTAACGAGC,1,TAGTGCGAGC,1
952,TTGATATCGC,5,4,,,,,TTGATCTAAA,1,TAGAGTTAGC,1
953,CCCCGGGGAA,1,0,,,,,ATCAACTAGC,1,TGGATCCAGT,1
954,CCCTAGAGGG,1,0,,,,,TACAACTATT,1,TCGCTATAGC,1
955,TTGAATGACG,1,0,,,,,TCCATCTAGC,1,TTGCTCTAAG,1
956,GGCGACTGTT,1,0,,,,,TTCATCCAGC,1,TTGCTCTTGC,1
957,TTGATAGAGC,2,6,,,,,TAGGGCTAGC,1,TTATTCTAGC,1
958,CACTAGTTTT,2,1,,,,,TTCTATGGTT,1,CAGATCTGGC,1
959,CTCTAGGGGT,6,6,,,,,CACTACGGAC,1,TTGATCTGAC,1
960,CCCTAGACGT,1,0,,,,,TTGATGTGAC,1,CTGTTCGAGC,1
961,ATGATAGAGA,1,0,,,,,GTCATCTAGT,1,TAGATATAGC,1
962,CTGTAGTGGT,1,0,,,,,CACGATAGTT,1,TTGAACGAGC,1
963,GAAGTTAATG,1,0,,,,,TCGATCGAGT,1,GCGTTCTAGC,1
964,CTCTGTGAGC,1,0,,,,,CTCTATGGTT,1,CTGACCTAGC,1
965,GTGATCTGGC,1,2,,,,,CGATAGGCTT,1,TCGATCTCGC,1
966,CACTCGTGCA,0,1,,,,,TTGATCCACC,1,GTGATCTAGG,1
967,TAGAACTAGT,0,1,,,,,TTGAACTAAC,1,CAGAGCTAGC,1
968,GTACAGCAAG,1,0,,,,,TTGATCTCGA,1,ATTCTCTAGC,1
969,ATCTGGGATC,1,0,,,,,CCAAAGGGTT,1,GGGATCTACC,1
970,TTGGGTTTGT,1,0,,,,,CACATGGGTC,1,CTGTGCTAGC,1
971,AAGTACAGCT,1,0,,,,,CACTCAGGTT,1,TTTATTTAGC,1
972,CGAGCTAGGA,0,1,,,,,TACTAGTGAC,1,TTGATCTTCG,1
973,GAGTCCCTGC,0,1,,,,,TGGATCAAGC,1,TTGACCAAGC,1
974,CACCAGGCTG,1,0,,,,,GAGTAGGGTC,1,ATGATCTAGG,1
975,TTACCAGAAA,1,0,,,,,TTGGTCTATC,1,TTGATCTATA,1
976,CTCTAGGGAG,0,1,,,,,CCCTAGGATT,1,TTGTCGTAGC,1
977,TTGATCAAGT,0,2,,,,,GAGTAGTGTC,1,TTGATGTACC,1
978,GCCTAATGCA,1,0,,,,,TCAATCGCGC,1,TTGCTCCAGC,1
979,CACTAGGATT,54,82,,,,,CACTAGAATT,1,TTCATGGCGC,1
980,GGTTACGCCT,0,1,,,,,CATTATGGGT,1,TGTATCTAGC,1
981,TTGTTCGATC,0,1,,,,,CACTAGGCAT,1,TTGATCAAGA,1
982,CTCATGTGTT,0,1,,,,,TTGTTATCGC,1,CTGATCTGGC,1
983,TCGTTCTAGC,2,1,,,,,CATACGGGTT,1,TTGGTCTAAC,1
984,CATCTCGCTG,1,0,,,,,CTCATGGATT,1,GTGATTTAGC,1
985,GACTAGAGCT,1,0,,,,,TAGATATTGC,1,TTGTTCTACC,1
986,TTTAGCCGGC,1,0,,,,,CACTCGGTCT,1,CTGGTCGGGC,1
987,CAATAGGTTT,1,1,,,,,TATATCTGGC,1,TTGCTGTAGC,1
988,TTCTAGTGTC,1,0,,,,,GACAAGGCTT,1,GAGATCTAGC,1
989,TTAAACTGGC,0,1,,,,,CAATAGGGTC,1,TTGATCTTGG,1
990,CGGTAGGGGT,0,1,,,,,CTCAAGTGGT,1,TTGCGCTCGT,1
991,TCGATCAAGC,0,1,,,,,CGGTATGGTT,1,TTGATCTTGT,1
992,TTGTGCTTGA,0,1,,,,,GGTTCCTGTT,1,TATAGCTAGC,1
993,TTGAGTTAGT,1,1,,,,,CACGCGAGTT,1,GTGCTATAGC,1
994,CTAAGCTAAC,0,1,,,,,CGATAGGGTG,1,ATTATCTAGC,1
995,TTGCTCTAAG,0,1,,,,,TTGAGCTGAC,1,TTCAACTAGT,1
996,ATTAACTAGC,2,1,,,,,CACTGGGAGT,1,TGAATCTTGC,1
997,TTGATCTAAT,2,0,,,,,TTCATGTACC,1,TGGATCTATA,1
998,TATAGCGCGT,0,1,,,,,TTGATTGAGT,1,TCAATCTGAC,1
999,CATTAGGGAA,1,0,,,,,CCCAATGGTT,1,TTGATCCTAC,1
1000,TTGATCGAGT,6,7,,,,,CTGTACTGTT,1,GTGACATAGC,1
1001,TGAATTGGGT,1,0,,,,,AACTATGGTT,1,GTTAACTAGC,1
1002,CTGCTCTTGC,1,0,,,,,CACTACGGTC,1,TTCATCTAGT,1
1003,CACATGGGCA,0,1,,,,,TTGTAGGAGT,1,TCGGTATAGC,1
1004,TTGCTCTTAC,1,0,,,,,CGGTAGGGTA,1,TGGACTTACC,1
1005,GCCATTGCCT,0,1,,,,,CAATCGGGTT,1,TTGATCTAAA,1
1006,TTTGGAGCGC,0,1,,,,,CCCTAGGGGC,1,ATCAACTAGC,1
1007,CACTCGGGGT,0,1,,,,,TAGTACTAGT,1,TGGATATAGC,1
1008,ATCGGCTAGT,1,1,,,,,TTAATCTGAC,1,TTGTTCTACT,1
1009,GCTCACTAGC,0,1,,,,,CTCTATGGTC,1,TCGGTTTGGC,1
1010,CACCTAAGTT,1,0,,,,,TACTTAGCTT,1,TTGATGTATC,1
1011,TTAGACTGGT,1,0,,,,,TTGGCCTAGC,1,TCGATTTAGC,1
1012,CAGTAGGGGT,1,3,,,,,ATATAGGGTT,1,GTGATCTCGC,1
1013,CACTAAGATT,2,2,,,,,CACTACGGTG,1,TACATCTAGT,1
1014,CACGAGGGAC,2,3,,,,,CATTAGCGTT,1,TCGTTCTAGC,1
1015,CCAAAGGCTA,1,0,,,,,CACTATGTCT,1,TAGTTCGAGC,1
1016,TTAATCTCGC,3,0,,,,,TACTAAGGTT,1,TTGATCTGTT,1
1017,TGGATCTGGG,1,0,,,,,TTTATGTTGC,1,TAGAACTAGT,1
1018,TATTGCTATC,0,1,,,,,CAGTAAGGTT,1,TCTACCTAGC,1
1019,ATGATCTCGC,0,2,,,,,TTAGTTTAGT,1,TTGTACAAGC,1
1020,CAGTAAGATT,1,0,,,,,CACTAAGTTT,1,TGTCTCTAGC,1
1021,ATTACGTACC,0,1,,,,,CGCAAGGGTT,1,TTCTTCTAGC,1
1022,GTCACTAACT,0,1,,,,,TTTAGATAGC,1,TCAATCTAGG,1
1023,GTGATCTAGT,4,3,,,,,AACTAGGGCT,1,TTGTTCGAGA,1
1024,TTAACACGAC,1,0,,,,,CTCATCTGTT,1,TTGAACTGGG,1
1025,CACATGTGGT,1,1,,,,,TACTACTATT,1,TTGCGCCAGC,1
1026,ATCATCGCCC,0,1,,,,,TATTAGGTTT,1,TTTTTCTATC,1
1027,CTCGTGGTTA,1,0,,,,,GATTCGGGTT,1,TTAGTCTAGC,1
1028,TTGATCTGTC,0,1,,,,,CACATGTATT,1,GAGATCTAGT,1
1029,TTGATCCTAC,0,1,,,,,CACCAGGCTG,1,TTGATCCTGC,1
1030,TTGATCTACT,1,0,,,,,TTCTAGTGTC,1,CGAATCAAGC,1
1031,ATGATCTAGC,50,46,,,,,TTGTTCTTGC,1,CTGATGTAGT,1
1032,ATCGGACGAA,1,0,,,,,CTGATCTAAG,1,TTGTTGTAGA,1
1033,GTCTAGGGAA,0,1,,,,,CGCTACTGTT,1,TTGACCTCGC,1
1034,CATTTGTGTT,0,1,,,,,GCGTACTAGC,1,TCGGTCTATC,1
1035,TTGACTTGCT,0,1,,,,,GTGTTCTTGC,1,TTCATGTGGC,1
1036,CACAAGGCTC,0,1,,,,,CATTGGGGGG,1,GCTCACTAGC,1
1037,GTTCTTGTGA,0,1,,,,,CGCTCGGGTT,1,TACATATGGC,1
1038,GACTTGGGTC,1,0,,,,,TTCACCTTGC,1,GTGATTAAGC,1
1039,TTGATCTCCC,2,2,,,,,CTGATCTAGT,1,TTCATGTCGC,1
1040,TATTAGGTTT,1,0,,,,,TAGATCTAGT,1,TTGATCTTGA,1
1041,CACTAGGCTA,0,1,,,,,CACAAGGGCT,1,TCGATCGTGC,1
1042,CTGGTCTAGC,2,0,,,,,CACTTGGGCT,1,TTGGTCTAGG,1
1043,CTCTAGGGTG,1,2,,,,,TTCATATAGC,1,CTGATCTAGT,1
1044,AGCTAGGTTT,0,1,,,,,TGGATTTAGC,1,GTTATCTACC,1
1045,AACTAGGGAT,3,3,,,,,TCTATCTAGT,1,TTGATGTCGC,1
1046,TTGATAGGGC,1,0,,,,,TACGAGGGTT,1,ATTAACTAGC,1
1047,CACGCGGGTT,1,0,,,,,CACTGTGGTT,1,TTGAGCAAAC,1
1048,TCTCACTAGC,1,0,,,,,GAATAAGGTT,1,TTAATCTAAC,1
1049,CAACAAAGCT,1,0,,,,,TACTTCGGTT,1,CTTTTCTAGC,1
1050,CACTAGCGTT,13,25,,,,,TCCTAGTGGC,1,TTGATATGGC,1
1051,TTGTTCTACC,1,1,,,,,ATCGGCTAGT,1,TTGATGCAGC,1
1052,CACTTGGATT,0,2,,,,,TAGATATATT,1,TGGATATTGC,1
1053,AACTGGGGTT,0,3,,,,,TTAATCGAGC,1,TTAATCGAGC,1
1054,CAACGAGGTG,2,0,,,,,CTTTGGGGTT,1,TTAAACTGGT,1
1055,CGCAAGAAGT,1,0,,,,,TACTAGGGCT,1,CTGTCCTAGC,1
1056,ATGTGATGTG,1,0,,,,,CAATAGGGTG,1,TGGCTCTAGC,1
1057,CAGTAAGGTA,1,0,,,,,TTGATAGAGA,1,TTGATGTATT,1
1058,TTGAGATGGC,1,0,,,,,TCGATCTGGC,1,TAGGTCTAGC,1
1059,ATCCAGCGTT,1,0,,,,,AAATAGGGGT,1,TACATCGAGT,1
1060,TCCCGTTTGC,0,1,,,,,GACTGGGGCT,1,TTGATCTTTC,1
1061,TGTAAGTGCG,0,1,,,,,ATCCGCTAGC,1,TTTTTCTAGC,1
1062,TAGTTGTAGC,1,0,,,,,TTGGACTAGA,1,GCGTACTAGC,1
1063,CCTCTCTAGC,1,0,,,,,TCCTAGAGTT,1,TTCACCTAGC,1
1064,CTGTTCTAGC,3,1,,,,,CTCGAGGGGC,1,TAGATTTAGC,1
1065,CCCGCTGGCT,0,1,,,,,TTGTTATAAC,1,TTGATCTGTC,1
1066,GGGCGCAGGC,1,0,,,,,ATGCGCTAGC,1,TTGGCCTAGC,1
1067,TTGAATGATC,1,0,,,,,TTCAGCGAGC,1,ATGGTCTCGC,1
1068,GAGTGTAGAA,1,0,,,,,GGTGAGTGTT,1,TAGATATGGC,1
1069,TAGATCTCGC,0,2,,,,,AATTAGGGTT,1,TTTATTTAGG,1
1070,TTGATTTCGC,3,0,,,,,TTGGTGTAGC,1,TTGTTGGAGC,1
1071,TGCTCTGGTC,0,1,,,,,CTCTCGGGTC,1,TTCATCTGGC,1
1072,TTGACCTAGG,1,0,,,,,TTGACCTCGC,1,TTGATTGAGC,1
1073,TCTGTGTTAC,1,0,,,,,TTGCGCGAGC,1,TTGATGTTGC,1
1074,CTCTATGGTT,1,2,,,,,CAGTACTGGT,1,TTTACATACC,1
1075,CAATCGGGTT,1,1,,,,,TTCATGTGGC,1,TTGAACTAAC,1
1076,GCAACTTTGG,1,0,,,,,TTTATCTTGT,1,TTCATTTACC,1
1077,CCTATCTCGC,0,1,,,,,TCAATCTAGT,1,TTGATCTACA,1
1078,CTCGAGGGTC,0,1,,,,,CATTCTGGTT,1,TTGTTCGACC,1
1079,CTGATCTGGC,2,1,,,,,CACTATGATT,1,TTCTTGTGGC,1
1080,CAAATCGTCC,1,0,,,,,TAATATGGGT,1,TAAAGCTAGC,1
1081,CTCGAGGGTG,0,1,,,,,GACTTGGGTT,1,TTGAACTAGG,1
1082,CGCTAGGAGT,1,0,,,,,CAGTAAGGTA,1,TGGAGCTAGC,1
1083,TTTATCGCAC,1,0,,,,,TCTCACTAGC,1,TCGATCAAGC,1
1084,CTCGATGGTT,0,1,,,,,TTGGTCTGGT,1,TTGACCTATC,1
1085,ATGATCGAGC,1,0,,,,,TTGCACTAGC,1,GTGATCCAGC,1
1086,TCCAACGGCG,1,0,,,,,CCTTCTGGTT,1,GTGAGCGAGC,1
1087,TCAATCTAGT,1,0,,,,,TACTACTGTT,1,TTAATCAAGC,1
1088,TCGATCTACC,1,0,,,,,CTGCTCTAGC,1,TTTATCTATT,1
1089,TGGATCTATC,0,1,,,,,TTCAACGAGT,1,TTTATCTTGC,1
1090,CCAAAGGGTT,1,0,,,,,TAGATTGAGC,1,ATGATAGAGC,1
1091,CACTACTGGT,0,1,,,,,TAGATCTTAC,1,TTGATAGCAC,1
1092,AATGAGGTCG,0,1,,,,,CACTGAAGTT,1,TTTACCTAGC,1
1093,TGTTACACGC,1,0,,,,,TACAAGAGTT,1,TTGATCAGGT,1
1094,TATCCGGGCT,0,1,,,,,TGCATCTAGC,1,TGAATCAAGC,1
1095,CGTTAGGGTT,3,4,,,,,GCTAACTAGC,1,CTGATCAAGC,1
1096,TAAAACTAGC,2,0,,,,,TCTCACGAGC,1,GTGATCTACC,1
1097,TAAAGCACGC,1,0,,,,,ATGTACTAGC,1,GTCAACTAGC,1
1098,CTCCTTTCCG,1,0,,,,,ATGCGCTAAC,1,ATGATTGAGC,1
1099,TTGTACTGTT,1,0,,,,,TAGCTCTAGC,1,TTGATCTACG,1
1100,TCAAATTGCG,0,1,,,,,GGTTCGGGTT,1,ACGAACTAGC,1
1101,TCGATATAGC,1,0,,,,,CACTATGTTT,1,TTCATGTACC,1
1102,CACTTTGGTC,1,0,,,,,CTTAGCTAGC,1,TTTATCGAGC,1
1103,TTGACTTGGC,1,0,,,,,CTCAAGTGTT,1,GTGAGCTAGT,1
1104,TTAAATTGGG,1,0,,,,,TACTAGTGAT,1,CTAAGCTAAC,1
1105,GACAGTGCGC,1,0,,,,,TTGATGTAAC,1,TTGTTCTCGC,1
1106,CCCAATGGTT,1,0,,,,,AACTAGGTTT,1,TTGATGTCAC,1
1107,CCTTAGGTCT,1,0,,,,,CACTAGCGTA,1,TTGAAATAGC,1
1108,TGGATTAAGT,0,1,,,,,CCATAGGGGT,1,CTGAGCTGGC,1
1109,CACTAGTGTC,0,1,,,,,GTGATCTCGC,1,CAGAACTAGC,1
1110,TACGAGGGTT,1,0,,,,,CTCTGGAGTT,1,TAGATCGAGT,1
1111,CAATGGTGAC,1,0,,,,,CAATAGGGCT,1,TTGCTTTGGC,1
1112,CCCTTGGGGT,0,1,,,,,CACTCGGCTC,1,TTGAAAGAGT,1
1113,CGCTAGTGAT,1,0,,,,,CAATCGAGTT,1,TTGGTCTGGT,1
1114,CACTGGGTTT,1,0,,,,,TAGGACTAGC,1,TTGGTGTAGC,1
1115,TCTAACGCTT,1,0,,,,,TTGATCTGTT,1,TTGCACTAGC,1
1116,TAGAACTAGC,2,1,,,,,CCGGAGGGTT,1,TTTATGTAAA,1
1117,TTGATATAGT,0,3,,,,,TTGTACAAGC,1,CTGCTCTAGC,1
1118,ATGACCTCCC,1,0,,,,,CACTGGGGTA,1,CTGGTCTGGC,1
1119,TTCGACATAA,1,0,,,,,TGGTGCTAGC,1,GCTAACTAGC,1
1120,TTTACTATGT,0,1,,,,,TATATCCGGC,1,ATGTACTAGC,1
1121,TACCTTGGGA,0,1,,,,,CCTCTCTAGC,1,TCAATCTGGC,1
1122,TCTGTCCGGC,0,1,,,,,TTTATCTCGC,1,TAGCTCTAGC,1
1123,CGCGGGTGGT,0,1,,,,,TTGATCCAGG,1,TTGATGGATC,1
1124,TCAATCTGGC,0,1,,,,,CTCTAGTGGT,1,TAGAACTAGC,1
1125,GTGATCTAGC,107,87,,,,,TTGATGAAGC,1,TAGTGCTAGC,1
1126,AACTAGGGTA,0,1,,,,,GTTGTCTAGC,1,ATGATCTAGT,1
1127,CTTGTACGTG,0,1,,,,,TGGATATAGC,1,TAGATCAAGC,1
1128,CCTCGTGCAT,0,1,,,,,TTTATTGAGC,1,GTGTGCTAGC,1
1129,TACTGAGGTC,0,1,,,,,TTGAATTGGC,1,TAGACCTGGC,1
1130,TACTATGGTT,2,0,,,,,CTCTAGGGTG,1,TAGACCTAGC,1
1131,GCACGAGACC,0,1,,,,,CTGTAGGATT,1,TTCATCTAAC,1
1132,CATACGGGGG,1,0,,,,,GTGATCTGGC,1,TTGGTCAAGT,1
1133,CAGTAGCGTT,0,1,,,,,CACAAGGGAC,1,ATCATCTAGC,1
1134,CCCTCGAGCT,1,0,,,,,AAGTAAGGTT,1,CAGATCTAGC,1
1135,AAGCTCTAGC,1,0,,,,,GATTACGGTT,1,TTAATCTGTC,1
1136,GTCATATCAC,0,1,,,,,CACTAGGTGT,1,TTGTACTATC,1
1137,TACTACTGTT,1,0,,,,,TTGTGTTCGC,1,TTGAGTTAGT,1
1138,CACTCCTGGT,0,1,,,,,TAGTTCGGGC,1,TTTATCTAAC,1
1139,CAGATCCAGC,1,0,,,,,TTGATAGGGC,1,TGGATCTTGC,1
1140,GATTCATTCT,1,0,,,,,CACTAGATTT,1,TTGAATTACC,1
1141,TAGAGTTAGC,0,1,,,,,GGGATCTGGC,1,TTCTTGTAGT,1
1142,TTGCGCCTGC,1,0,,,,,CTGCTCTAAC,1,TAATAGTGGT,1
1143,TTCATCTAAC,1,1,,,,,TTTAGCTAGT,1,CACTAGTGGT,1
1144,TTGCACGGAT,1,0,,,,,GCGAGCGAGC,1,TACTATTATT,1
1145,TAATATGGGT,1,0,,,,,TGCTAGGGGT,1,CACTCAGCTT,1
1146,CTGATCGAGC,4,3,,,,,TCCTAGGGTC,1,TACTTGAGTT,1
1147,TTTATGTAAC,0,1,,,,,AAGATCTAGC,1,AACTAGGGTA,1
1148,TTTTCGGCAC,0,1,,,,,TAGATGTAGA,1,CCAAAGGGGT,1
1149,CACTAAAGTT,0,1,,,,,CAGTAGGGGT,1,TACTAGTGGT,1
1150,GAGATCTAGT,0,1,,,,,TTGTAGGAGC,1,CGTTAGGATG,1
1151,TTCTAGTGAC,1,0,,,,,GACTCGCGTT,1,CACTGGGTTC,1
1152,AACTAGGAAT,0,1,,,,,CAGTACGGGT,1,CCGTATGGCT,1
1153,TAATGCTAGT,0,1,,,,,TTGTTCTTGT,1,CACTACGATT,1
1154,ACCTTAGCTC,1,0,,,,,CACTGGGCTT,1,CACGCGGGCC,1
1155,CTCTAGGGTT,157,246,,,,,CCATACCGTT,1,CAATATGGTC,1
1156,TAAGGTATGC,1,0,,,,,CACTAGGGCC,1,AATTAGGTTT,1
1157,TTGACCTAAC,1,0,,,,,CATTACGGTC,1,CACTCGGGGA,1
1158,CACTGGGGGG,1,0,,,,,ATGATCTAAC,1,CAGTTGTAGT,1
1159,CGGTAGGGTT,1,0,,,,,CTCTTCTATT,1,GTCTATGGTT,1
1160,CACTGGGGAT,1,0,,,,,CGCTAGGGTA,1,ATCTGGGGTT,1
1161,GCAGTTCGGG,0,1,,,,,CGCTGGAGTT,1,GTTTCGGGTT,1
1162,TTGAGCTCTT,1,0,,,,,TTGAAGTACT,1,CACGCGGGCT,1
1163,TTGATCTAGT,161,143,,,,,TAGATCTGGC,1,CACAAGGCTC,1
1164,TTGTACGAGC,0,2,,,,,TTTTTGTAGC,1,GGTGACTGTT,1
1165,TCGGTTCAGC,0,1,,,,,TTGTTCGCGT,1,CCCTAGGGTC,1
1166,CAATACGGGC,0,1,,,,,GACTAGGGGT,1,GGTGCTTGTT,1
1167,CTGACTAACA,0,1,,,,,TTGAGTAAGC,1,CACTAGGCTG,1
1168,GGGTTCAGCC,1,0,,,,,CACCAGGGCT,1,AATGAGGGTT,1
1169,TCTCGCAAGC,1,2,,,,,TTGTTATAGC,1,CACTTAGGTT,1
1170,CAAAAGAGTT,0,1,,,,,CTGTTCTGGC,1,CTCTATAGTT,1
1171,GAATAGGGTT,1,2,,,,,CCCTAGGGTA,1,TACTAGAGGT,1
1172,GACAACAGTC,0,1,,,,,TTGACTTGGC,1,CACTAAAGTT,1
1173,GACAAGTGAT,0,1,,,,,TAATATGGTT,1,CTCTAGGCTT,1
1174,TTGTTGTAGC,3,2,,,,,TTGATTTTGC,1,CATTTGTGTT,1
1175,GCCGTCCAGC,0,1,,,,,TTGCTCTAGG,1,CATTATGGGT,1
1176,CTCATCTGGC,1,0,,,,,TTGATTCAGC,1,CAGTCGGGTT,1
1177,CGCAAGGGTT,1,1,,,,,TTGATCTATA,1,TGCTAGGCTT,1
1178,TTAAGTTAGC,0,1,,,,,TAGATCCAGC,1,CTGTAAGGTT,1
1179,CATCGGCAGC,2,0,,,,,TTGATGTACC,1,CGATAGGTTT,1
1180,CTCATCTATT,1,0,,,,,ATCTAGGGTC,1,TACTCGGGCT,1
1181,TATATCCGGC,1,0,,,,,TTTATATCGC,1,TACGAGAGTT,1
1182,GCTTCATACA,1,0,,,,,TTTATCTTGA,1,CAATAGGGTC,1
1183,GCTATCTTGC,1,0,,,,,CCCTGGGAGT,1,CACTCGGGTG,1
1184,TGGTGCTAGC,1,0,,,,,TTGGTCTAAC,1,GGTTCCTGTT,1
1185,CAGGTGTGAC,0,1,,,,,CCCTCGGTTT,1,CGTTAGGATT,1
1186,TTTATTTAGT,1,0,,,,,GTGATTTAGC,1,GCCTAGCGTA,1
1187,GCCTAGTGTT,0,1,,,,,CCCTTGGGTC,1,TTCTAGAGTT,1
1188,TTCTATGAAT,1,0,,,,,TTGTTCTACC,1,CTGTAAGGTC,1
1189,CACAGCGCGC,0,1,,,,,TTGCTGTAGC,1,CACGAGAGCT,1
1190,CATTTAGGGT,0,1,,,,,TCCTAGGTTT,1,CCCTGGGGTG,1
1191,CACAGGGTTT,0,1,,,,,CCTTGGAGTT,1,CAAGAGGGTT,1
1192,CAATAGGCTT,2,0,,,,,GAGATCTAGC,1,CTGTGGGGTT,1
1193,CAATACTAGC,0,1,,,,,TTGTAGTGTT,1,CTCTAGGGAC,1
1194,CTAGTTTGGT,1,0,,,,,AACTAGGATT,1,GAATGGGGTT,1
1195,CACAAGGGTC,2,2,,,,,TAGGTTTAGC,1,TTCTACTGTT,1
1196,CTCGAGGGAG,1,0,,,,,GTCAAGGGTT,1,CCCTCTGGTC,1
1197,CACTAGAGTG,0,2,,,,,TTGATCTTGT,1,GACTACTGTT,1
1198,CTCAAGTGAC,1,0,,,,,TAAATCTCGC,1,CTTTAGAGTT,1
1199,GATGCCTGTT,1,0,,,,,TTAATCTAGA,1,GTCTAGCGTT,1
1200,TCTCGGGCTC,0,1,,,,,CGCTAGGAGT,1,CAATGGGCTT,1
1201,AACAAGGGTT,1,3,,,,,CACTACTGTT,1,CCTACTGGTT,1
1202,TCTCTCTAGC,1,0,,,,,CGCTAGGGTC,1,CTCCAGTGTT,1
1203,TACATGTATC,0,1,,,,,TGGTTCTAGC,1,CATTAGGGGT,1
1204,TACTTGGGCT,2,0,,,,,TTCTACTAGC,1,CATTATGGTT,1
1205,ACATCTGGCA,0,1,,,,,TTAATCTTGC,1,CACGAGTGTC,1
1206,ATCCAGGATC,0,1,,,,,TCGATCTCGC,1,CAAAAGAGTT,1
1207,CGCATCTAGC,0,1,,,,,GTGAACTAGC,1,ACCTATGGTT,1
1208,TGGATATAGC,1,1,,,,,CTCTACTGTT,1,GATTCGGGTA,1
1209,GGTACTGAAG,1,0,,,,,CACTAGGTAG,1,CACTAGGCCT,1
1210,CACTAATGTT,0,1,,,,,TGGATCAAGT,1,CTCTAGGGAG,1
1211,CGAGATCGCC,1,0,,,,,ATGATCGAGC,1,CAAAAGGGGT,1
1212,TTGTACTAGT,1,2,,,,,TCGTGCTAGC,1,CCAGAGGGGT,1
1213,TTGATATAGG,0,2,,,,,TTGAACGATC,1,ATCTAGGGTC,1
1214,CACTAAGTTT,1,0,,,,,CACTAAGCTT,1,CAGTACTGTT,1
1215,GTGATCAACC,1,0,,,,,AACGAGGGTT,1,CAGTACGGCT,1
1216,CTTATCTCGC,1,0,,,,,CGATCGGGTG,1,CCCTTGGGGT,1
1217,CGCTATGATT,0,1,,,,,TGGATCTTGC,1,CACAAGTGCT,1
1218,CCATTAAGTG,1,0,,,,,TTGGTCTACC,1,GCCTAGTGTT,1
1219,AATAATTGCC,0,1,,,,,CAATACGGTC,1,AACTCGGGTT,1
1220,CAGTGGGAGT,0,1,,,,,TGGATCTCGC,1,TTCTCCTGTT,1
1221,TTGATGATGG,0,1,,,,,GCGTTCTAGC,1,CACTAAGGAG,1
1222,TGTACGCAGC,1,0,,,,,TGTATCAAGC,1,CACAAGGGAT,1
1223,TAAGCGGGTT,1,0,,,,,TAGTACGAGC,1,CCCTTGTGTT,1
1224,TGTCTCTAGC,0,1,,,,,CATTCGGGTT,1,ACCTAGGGTC,1
1225,TTGATCTGAC,1,1,,,,,AACAAGGGTT,1,AACTAAGCTA,1
1226,TAGTGCTGGT,0,1,,,,,CACTCTGCTT,1,TAGTAGGATT,1
1227,CCAATCTGAT,1,0,,,,,TTTATGTCGC,1,TACTAGGTAT,1
1228,CACTAGTGTA,1,0,,,,,TACTATGCTT,1,GAAGAGGGTT,1
1229,GCATTCAGCG,0,1,,,,,CAGATGTAGC,1,CCCTATGGTA,1
1230,TGAATCTTGC,0,1,,,,,CTCAAGGGCT,1,CACATGGGCA,1
1231,ATCCGCTAGC,1,0,,,,,CGCTAGCGTT,1,TACTACAGTT,1
1232,ACCTAGGGTC,0,1,,,,,CACTGGGTTT,1,CTCCAGGGTT,1
1233,AAGATATAGC,0,1,,,,,AAATAGGGTC,1,TACAAGTGTT,1
1234,TTAATGTAGC,0,1,,,,,TTGAAGTAGT,1,CAGAAGGGTT,1
1235,TTGAACTGGG,0,1,,,,,GCCTACGGTT,1,CAGTACGGGT,1
1236,GTGGTCTAGT,0,1,,,,,TACTACGAGC,1,CACTGGGCTT,1
1237,CAGTTCGATC,1,0,,,,,TAGTATGGGT,1,CCAAAAGGGT,1
1238,TACTCGGGCT,0,1,,,,,CTCACGGGTT,1,CTCTAGGTTT,1
1239,TTGTACGGGT,0,1,,,,,TTCATTTGGC,1,CACTAGGGCC,1
1240,TTAATTAGGT,0,1,,,,,TCGGTCAGGC,1,CAGTTGGGTT,1
1241,CATTAGGGGT,2,1,,,,,TCTAGCTAGC,1,CTCTAATGTT,1
1242,TATATGTTGT,0,1,,,,,ATGAGCTAAC,1,TTGTAGGATT,1
1243,ATAAGGTTAT,0,1,,,,,TACACGGGTT,1,CTATAGGGAT,1
1244,TCTGATTGTA,1,0,,,,,GACTAGGGCT,1,CAGTTGGGGT,1
1245,TTGATTTAGT,4,2,,,,,TTGTGTTAGC,1,CGCGAGGGTT,1
1246,TTGAATTACC,0,1,,,,,TTGTTCTGGC,1,CAATCGAGTT,1
1247,TTGCTCTTGC,1,1,,,,,TACCAGGGGT,1,TACTACGGTT,1
1248,TTTACCGAGC,1,0,,,,,TACTAGTAGT,1,CACTAGTAGT,1
1249,GATTGGGCGT,0,1,,,,,TAGATATAGT,1,TTCTAGGAGT,1
1250,TACACGGGGG,1,0,,,,,TGGTGCCGGC,1,TATTAGGATT,1
1251,GTGAGCGAGC,1,1,,,,,CTCTAGTTTT,1,GCCTGGGGTT,1
1252,TTGTGCCAGC,1,0,,,,,CACAAGGGTG,1,GACTAGGGTC,1
1253,TTCACCGACC,0,1,,,,,TTGATCGAGG,1,CATTACTATT,1
1254,GGGTGGGGCA,0,1,,,,,TCTATTTAGC,1,CAGTGGGAGT,1
1255,CACTCTGCTT,1,0,,,,,GGCGACTGTT,1,GACGAGGGTT,1
1256,TACACTAGGC,0,1,,,,,TTAGGCTAGC,1,CGTTAGTGTT,1
1257,TACTATGCTT,1,0,,,,,TTGCTCTTGC,1,CTCTCTGGTT,1
1258,TCAAATTGGT,0,1,,,,,TCAATTTAGC,1,CTGTAGTGTT,1
1259,TTTATGTTGC,1,0,,,,,CGTTCGGGTT,1,TTCTACGGTC,1
1260,CAATAGGGCT,1,1,,,,,AACTAGAGTT,1,CACTTGTGTA,1
1261,TTAGTTTGGC,1,0,,,,,CAGTAGGATT,1,CACTTGTATT,1
1262,CAGGTGGGGC,0,1,,,,,TAGATCGTGC,1,CACTCGGGGT,1
1263,CGCTAGTGTT,5,5,,,,,TTGAATGATC,1,CACTAAGGAC,1
1264,TTGATCGAGA,2,3,,,,,CCATAGGCTT,1,CTCTAGTAGT,1
1265,CACAACGGGG,0,1,,,,,TTGAGGTCGC,1,CGCTAGGGAG,1
1266,TTGATCTCGC,27,28,,,,,GTGATCAACC,1,TTCAAGGGTT,1
1267,CCCTGGGGTT,0,2,,,,,TAGAACGAGT,1,CTCTCGTGTT,1
1268,TTGATCAGGT,0,1,,,,,TTGATCTGAC,1,CAATAGGTTT,1
1269,TGCAGGAGTC,0,1,,,,,TTCCGCAAGC,1,GACTAGGGTG,1
1270,GCGATCTAGC,0,2,,,,,CAGTAGGGTC,1,CACTTTGGTT,1
1271,TAGAATTTAC,0,1,,,,,TACTAGCGGT,1,CATAAGGGGT,1
1272,CTTTCGGCCC,0,1,,,,,GTGGGCCAGC,1,CAATAGGGGT,1
1273,CGATAGGCTT,1,0,,,,,CAGTAGGTTT,1,TTCTAGGATT,1
1274,GAGTTAACGA,0,2,,,,,TGGATCGAGC,1,CCTTAGGGTG,1
1275,TTGACGTGCT,0,1,,,,,TTGCTCTAGT,1,CTTAAGGATT,1
1276,TCGACCGCGC,0,1,,,,,CATTCGTGTA,1,TTAATCTTGC,1
1277,TACTCTGGTT,0,1,,,,,CATTAGGTTC,1,CCTTCTGGTT,1
1278,TACTAGGGTG,0,2,,,,,CAAAAGTGTT,1,CGCCATGGTT,1
1279,TAGATCTAGT,1,4,,,,,ATGATAGAGA,1,CATATGGGTT,1
1280,TTTAGCTAGC,3,4,,,,,CACTACGATT,1,TACTAAGGTT,1
1281,TTCCGGGGGC,0,1,,,,,TTGAGCGAGC,1,CACCAGAGTT,1
1282,CTTTTCTAGC,0,1,,,,,GCCAACTAGC,1,CAATACGGAT,1
1283,TTGTTGTAGA,0,1,,,,,GGTTCGTGTT,1,CGCAAGGGTT,1
1284,TTGTACAAGC,1,1,,,,,GCTATCTTGC,1,CATTAGCTTT,1
1285,CTCTAGTAGT,0,1,,,,,TTGATGTCGG,1,CACTAGTGAT,1
1286,CACTGGGGGT,2,2,,,,,AATTAGGGCT,1,GATTCGGGTT,1
1287,TAAAGCTAGC,0,1,,,,,CATCAGGGTT,1,AATTAAGGTT,1
1288,TGGACCTTAT,0,1,,,,,GACTAGAGCT,1,CGGTAGGGAT,1
1289,CCTTCGTCGT,1,0,,,,,AAGTAGGGTT,1,GGTGAGTGTT,1
1290,TACTAGCTTG,1,0,,,,,CAGTAGGGCT,1,AATTAGGGTT,1
1291,ACGTTGGGTT,1,0,,,,,CTCATCTGGC,1,CACTTGGTTT,1
1292,TTGATGTATT,0,1,,,,,CACTTGGGTC,1,AACTAGGTTT,1
1293,CTGTAGTATC,1,0,,,,,CCGAGCTAGC,1,CTCTACGGGT,1
1294,CAGTAGGGTT,18,42,,,,,GGCTACGGTT,1,CACGAGAGTT,1
1295,TTCAAGCCGG,1,0,,,,,TGGATCTGGG,1,CCATAGGGGT,1
1296,CACTCAGCTT,0,1,,,,,CACTTGGGGC,1,CACTAGTTTT,1
1297,ATGCGCTAGC,1,0,,,,,TACTAAGCTT,1,AGCTAGGCTT,1
1298,TTGACGCCTG,1,0,,,,,TTGCTCTTAC,1,CACTAGGGAG,1
1299,TGGCTGTAGC,1,0,,,,,CACTGGGGAT,1,CGCAAGGATT,1
1300,GTAATAGAGA,0,1,,,,,AAATAGTGTT,1,CAATAGGGCT,1
1301,TTGAAAGAGT,0,1,,,,,CCAGAGGGTT,1,AACTAGTGTT,1
1302,GCAGTTTAAT,1,0,,,,,GGGATCTAGC,1,TTGTAGGATC,1
1303,CGAACAGGTC,2,0,,,,,TCGGTCTAGC,1,CACTTGGAGT,1
1304,GACTAGGGTT,43,67,,,,,TTGACCGCGC,1,CACTAGGGGA,1
1305,CACTAGTGTT,121,190,,,,,TTGACCTAAC,1,TACTAGGATT,1
1306,CATTCGGGTT,1,0,,,,,TTCAACTGGC,1,CAATAGGAAT,1
1307,TTGATTCAGC,1,0,,,,,TTCTCGGGTC,1,CATTAGTGTT,1
1308,CATTAGGGCT,0,2,,,,,CCCCAGGGTT,1,CATTAGCGTT,1
1309,CTACAGTGAC,1,0,,,,,GATGCCTGTT,1,CACTGTGGCT,1
1310,TTTAACTAGC,6,2,,,,,TTTATCTAGT,1,CTTTCGGGTT,1
1311,TTGATTTTGC,1,0,,,,,GACTAGGGGC,1,CACCAGTAGT,1
1312,CCATAGAGTT,1,0,,,,,TAGATAGAGC,1,TACATTTAGC,1
1313,CTTAAGGATT,0,1,,,,,GAATAGGGTT,1,GTAATCTAGC,1
1314,CACTCGGTCG,0,1,,,,,CACAAGTATT,1,TAGATGGAGC,1
1315,TTCTCGTTTG,1,0,,,,,CAGTAAGATT,1,CGCTCGGGTT,1
1316,ACTGGGGGCT,0,1,,,,,CACTAGGAGA,1,CTATTGGGCT,1
1317,TATTAGGGCA,1,0,,,,,TTCAGCAAGC,1,CGATCGGGTT,1
1318,CACTGGGGCT,2,0,,,,,CAAAAGTGTC,1,CACTATTATT,1
1319,AGGACGTTAC,1,0,,,,,GATGTCTAGC,1,ATGTGAGGTT,1
1320,TGGAACTAGC,2,0,,,,,TTGATCTGGG,1,CACTTGGGCT,1
1321,CGCTATGGGT,1,0,,,,,TTGATCTGAA,1,CACAACTGTT,1
1322,TTATACTAGG,1,0,,,,,TTGCTCGGGC,1,CACTGTGGTT,1
1323,GCGTTCTAGC,1,1,,,,,TCCATATAGC,1,CGTTTGGGTT,1
1324,TATACCGAGC,0,1,,,,,TTGATCAATC,1,CATTAGGATT,1
1325,CTGGCTAGGA,1,0,,,,,TTGAGATGGC,1,CACCATGGTT,1
1326,CATTAGGTTT,1,3,,,,,TTGTGCCAGC,1,TACTAGGGCT,1
1327,GCGTACTAGC,1,1,,,,,GAGATCTACC,1,CACTACGGTG,1
1328,AAATAGAGTT,0,1,,,,,TTACGCTAAC,1,CGCTACGGTT,1
1329,TATATGAGTG,1,0,,,,,TTGCTCAAGC,1,AACTAGTATT,1
1330,CACAAGGGTA,1,0,,,,,TTGTGCGAGC,1,ACCTAGGGGT,1
1331,TTAATCTAGG,4,0,,,,,TGAACCTAGC,1,CAGTGGGATT,1
1332,CAATAGGGTT,103,126,,,,,GACTAGAGTT,1,CACTTGGGCC,1
1333,TCCTAGGGTC,1,0,,,,,CACAAGGGTA,1,CACTACTAGT,1
1334,TTGACCTGGC,0,1,,,,,CAATAGTGTT,1,CAGGAGGGTT,1
1335,TTTTTGTAGC,1,0,,,,,CATTAGGTTT,1,CTCGAATGTT,1
1336,GACGATGGAT,0,1,,,,,CACTAGTGTA,1,CAGTAAGGTT,1
1337,TGCGTGGGGC,1,0,,,,,TTGAGCCAGC,1,CACTCGTGTT,1
1338,CTGATGTAGT,0,1,,,,,CTGTAGTATT,1,CCCTCGGGTA,1
1339,CACATGGGCT,0,1,,,,,TCCTAGGGGT,1,CACTGCGGGT,1
1340,TTTATCTATT,0,1,,,,,CCCTAGGGTC,1,CAATCGGGTT,1
1341,ACCTATGGTT,0,1,,,,,CAATAGGTTT,1,CAATTGGGTT,1
1342,CAATATGGCC,1,0,,,,,TTCTTCTGGC,1,CACTCTGGTT,1
1343,CACTCGGGTT,27,36,,,,,TTCTAGTGAC,1,CACTACTGGT,1
1344,AACGAAGCTT,1,0,,,,,TACTAGTGGC,1,CACAATGGAT,1
1345,CACGCGAGTT,1,0,,,,,TGCTAGGGTC,1,CACTATGGCT,1
1346,CTGATCTAGC,65,51,,,,,CACTGGGGGG,1,CACTAGCGTG,1
1347,TTCATCGAGC,2,2,,,,,AAGCTCTAGC,1,CGCTTGGGTT,1
1348,TTCAAGGAGC,1,0,,,,,TGGATCTAGT,1,CACTAGTGTC,1
1349,GTTAACATCG,0,1,,,,,TCGATATAGC,1,CAGTAGCGTT,1
1350,CATTACTGTT,0,2,,,,,TTGACCTAGT,1,CACTTGAGCT,1
1351,TTGATCTATA,1,1,,,,,CACTTTGGTC,1,AACTAGGGCG,1
1352,CACCAGAGTT,0,1,,,,,TTCATATGGC,1,CGAAAGGGGT,1
1353,GAGATCTACC,1,0,,,,,TACTGGGTTT,1,CACGGTGGTT,1
1354,TGCTAGGGTT,5,8,,,,,ACCTTGGGTT,1,TGCTGGGCTT,1
1355,TACAACTATT,1,1,,,,,TGGTGCCAGC,1,AATTAGGTGT,1
1356,CACTAGGGTG,46,59,,,,,TTGATATAAC,1,CTCGATGGTT,1
1357,ATAAGCTAAC,2,3,,,,,TCCTTGTGGC,1,CACTATGGTC,1
1358,TCTAATTATG,1,0,,,,,CATTAGGATC,1,AACTAAGCTC,1
1359,TTGATCAAGG,2,1,,,,,TAGCTCTATC,1,GCCTAGTGTC,1
1360,GTTGTCTAGC,1,0,,,,,CTCTTGGGTT,1,AGCTAGGTTT,1
1361,TACATCTACC,1,0,,,,,TCGGTCTGGC,1,TAATAGGGTC,1
1362,TCAACATTGG,0,1,,,,,CACCAGTGGT,1,TACAAGGGTA,1
1363,CTGATATATC,1,0,,,,,TGGATCTCGT,1,TAGTTGGATT,1
1364,GCACAAGGGT,0,1,,,,,GACTAGGGTG,1,CACTTGTGTC,1
1365,CCCTACTGTT,1,0,,,,,TTGATCCAGA,1,GACTCGGGTC,1
1366,CACGCGCGTT,0,1,,,,,CTGATCTAAC,1,CTCTAGTATT,1
1367,CGAAAGGGGT,0,1,,,,,TCACTCTAGC,1,CACTCAGGTT,1
1368,CACAAGGGGT,3,3,,,,,TCGATCTAGA,1,CACTAGGTTC,1
1369,ATGTGCTACC,0,1,,,,,TAGTTGTAGC,1,TTCTAGTGTT,1
1370,TCGATCGAGC,7,2,,,,,CACCAGGGGT,1,GAGTAGGGTC,1
1371,CTCCAGGGTT,0,1,,,,,TTGACCTGGT,1,GACTGGGGGT,1
1372,TGGATCAAGC,1,0,,,,,CAATGGGGTC,1,CACATGAGTT,1
1373,TTTCGCTAGT,0,1,,,,,ATACTCTAGC,1,CAAAAGGGTT,1
1374,CAGTGGAGTA,0,1,,,,,GCCTGGGGTT,1,GTCTATGGCT,1
1375,TATAGCTAGC,0,1,,,,,TTATAGGGTT,1,CACTAGAATT,1
1376,CTGTTCTAGT,0,1,,,,,GGTGACTGTT,1,CACTAGGCTA,1
1377,GGCTCTAATT,0,1,,,,,CACGCGGGTT,1,CACAGGGTTT,1
1378,TTGGTTAAGC,0,2,,,,,CAGATGTAGT,1,CTCATGTGTT,1
1379,TCTTCGTAGC,0,1,,,,,TTGAGGTAGC,1,TACAATGGTT,1
1380,CACTCGGGTC,2,3,,,,,CCTTAGGGGT,1,CCTTCAGGTT,1
1381,CACAAGGAAC,0,1,,,,,CACATGTGGT,1,ATGTAAGGTT,1
1382,CAATTGGGTT,2,1,,,,,CCCTATGCTT,1,CATTGGGGGT,1
1383,CCCTACGGTT,1,0,,,,,TACAACGAGC,1,CGCTATGATT,1
1384,CACCAGTAGT,0,1,,,,,CACAAGGCTG,1,CAGTACTGTC,1
1385,ATAGGGGGTG,1,0,,,,,TTGATTTAGA,1,CTCTAGGGAT,1
1386,TATATCTGGC,1,0,,,,,CTGCTCTTGC,1,CACTGGAGTC,1
1387,CTCTACGGGT,0,1,,,,,ATCCGCTAGT,1,CATTGGGAGT,1
1388,CTCTATAGTT,0,1,,,,,CTGAGTTAGC,1,TATTAGGGGT,1
1389,CACCTAGCTC,1,0,,,,,TTAATATAGC,1,CACTATGATT,1
1390,CGCCATGGTT,0,1,,,,,TTGATCCGGC,1,GACTAGGATT,1
1391,TTTATTTAGC,0,1,,,,,CACTAGGCCT,1,CTCGAGGGTG,1
1392,TTGAGTAAGC,1,0,,,,,TTGGTAGAGC,1,CACGAGGGGT,1
1393,CATGAGGGAG,1,0,,,,,CGCTAGTGAT,1,CTCGAGGGTC,1
1394,TTGATTGAGC,3,1,,,,,TACAAGTGGT,1,CGCTAGTCTT,1
1395,CACATGGGTT,2,2,,,,,CACTAGGCAC,1,TACTCTGGTT,1
1396,CAGAAGGGTT,0,1,,,,,CTTATCTAGC,1,GACTACGGTT,1
1397,CACGGTGGTT,0,1,,,,,GTAATCTCGC,1,AACTATGGTT,1
1398,CAACAGGGTT,0,3,,,,,TTGAAGTATT,1,CTCTAGAGCT,1
1399,CACTACGATT,1,1,,,,,GTGGGCTAGC,1,TTCTAGTATT,1
1400,CAAAAGGGTT,3,1,,,,,TTCTAGGAGT,1,CTCTCGGGTT,1
1401,TGGATTTAGC,1,0,,,,,CACTAGTAGT,1,CGCCAAGGTT,1
1402,TTCTTCTATT,0,1,,,,,CAGATCCAGC,1,GGTTAGTGTT,1
1403,CCTTCTGGTT,1,1,,,,,CTGTAGTGGT,1,CCCTCTGGTT,1
1404,CTCCTCTTAC,0,1,,,,,TAGTTGCAGC,1,CGCTAGGTGT,1
1405,CGCTGGAGTT,1,0,,,,,CTGCACAGTT,1,CATTAGTGGC,1
1406,TCCTTACGCC,0,1,,,,,,,CACTGGCGTT,1
1407,TTTACCCAGT,1,0,,,,,,,CATCGGGGTT,1
1408,CATTAGCTTT,0,1,,,,,,,TAGTTGTATT,1
1409,TTGATGCAGC,0,1,,,,,,,CAACGAGATT,1
1410,TACTAGGGTT,108,123,,,,,,,,
1411,CACTAGTGGT,11,1,,,,,,,,
1412,TTGATCTTTC,0,1,,,,,,,,
1413,CGCTTCGATT,1,0,,,,,,,,
1414,TGGTGCCGGC,1,0,,,,,,,,
1415,CAAGCTAGTT,0,1,,,,,,,,
1416,CACTGGAGTC,0,1,,,,,,,,
1417,GATTGCGGGT,1,0,,,,,,,,
1418,AACTTAGACC,0,1,,,,,,,,
1419,TTTCTTTAGC,1,0,,,,,,,,
1420,GGTAGCCAGC,0,1,,,,,,,,
1421,TATTAGGGGT,0,1,,,,,,,,
1422,TTGAACTATC,2,0,,,,,,,,
1423,CTATTGGGCT,0,1,,,,,,,,
1424,TTGAACAGGC,0,1,,,,,,,,
1425,GGGATCTGGC,1,0,,,,,,,,
1426,TTAATCTTGG,0,1,,,,,,,,
1427,TTGATCAATC,1,0,,,,,,,,
1428,TTGATCTAGC,166968,164012,,,,,,,,
1429,CCCTTGTGTT,0,1,,,,,,,,
1430,CACTAGGTTT,49,77,,,,,,,,
1431,CACTTGTGTC,0,1,,,,,,,,
1432,GGCGCCGGTT,1,0,,,,,,,,
1433,CTCAAGTGGT,1,0,,,,,,,,
1434,CGCAAGGATT,0,1,,,,,,,,
1435,TCGATCGTGC,0,1,,,,,,,,
1436,CACGAGTGTC,0,1,,,,,,,,
1437,GTATAGACCG,0,1,,,,,,,,
1438,AACTAGCGTT,2,0,,,,,,,,
1439,AACTAGGGTC,0,4,,,,,,,,
1440,GTCTAGCGTT,0,1,,,,,,,,
1441,TAAACACAGT,0,1,,,,,,,,
1442,CGCTACGCTC,1,0,,,,,,,,
1443,TTGATGGATC,0,1,,,,,,,,
1444,TTGATCCACC,1,0,,,,,,,,
1445,CAGATTAAGC,1,0,,,,,,,,
1446,CCTTCGTTCA,0,1,,,,,,,,
1447,GACTATGTCG,0,1,,,,,,,,
1448,TTGAAATAGC,3,1,,,,,,,,
1449,TTAAGCTAGC,9,2,,,,,,,,
1450,TTAATAGTCC,1,0,,,,,,,,
1451,ACAAGAGTAA,1,0,,,,,,,,
1452,GAATTTTCGT,1,1,,,,,,,,
1453,TTGATCAGGC,4,0,,,,,,,,
1454,TTTATTGAGC,1,0,,,,,,,,
1455,GGCTAGGGTT,3,5,,,,,,,,
1456,CACTAGGGGG,0,4,,,,,,,,
1457,TTCATCTAGG,1,0,,,,,,,,
1458,TTCACCTAGC,2,1,,,,,,,,
1459,TACTGATCAT,0,1,,,,,,,,
1460,CAATTCTCGT,0,1,,,,,,,,
1461,GACTAGGGTC,0,1,,,,,,,,
1462,CAGGCTAGAC,1,0,,,,,,,,
1463,TTGATCTAGA,118,152,,,,,,,,
1464,TTGTTTTATT,1,0,,,,,,,,
1465,TTGTTGGAGT,0,1,,,,,,,,
1466,TTAATTTAGA,0,1,,,,,,,,
1467,AGTCTACGAC,1,0,,,,,,,,
1468,CATTGGGAGT,0,1,,,,,,,,
1469,CTGTGGAGTA,2,0,,,,,,,,
1470,CTTCTCTGTC,1,0,,,,,,,,
1471,ATATAGGTCA,1,0,,,,,,,,
1472,GATTCGGGTA,0,1,,,,,,,,
1473,ATCTAGGGTT,3,2,,,,,,,,
1474,GACTACGGTT,0,1,,,,,,,,
1475,CATTAGGTTC,1,0,,,,,,,,
1476,TAGTTAGGTT,1,0,,,,,,,,
1477,GCCTAGGGTT,4,0,,,,,,,,
1478,TCGATATCGT,1,0,,,,,,,,
1479,CTCTAGGGAC,0,1,,,,,,,,
1480,GCTTAGTAGC,0,1,,,,,,,,
1481,TTGATTTAAC,1,0,,,,,,,,
1482,TTCAAGGGTT,0,1,,,,,,,,
1483,GTTCTCTACC,1,0,,,,,,,,
1484,CGGTAGGGTA,1,0,,,,,,,,
1485,TTGGTCTGGC,3,0,,,,,,,,
1486,TACCAGGGGT,1,0,,,,,,,,
1487,TGCACTGTCA,1,0,,,,,,,,
1488,AACAAATGTC,1,0,,,,,,,,
1489,TGGGCCTGTT,0,1,,,,,,,,
1490,TTAGTCTAGC,4,1,,,,,,,,
1491,TTGATGTATC,0,1,,,,,,,,
1492,ACGTTCTCCC,1,0,,,,,,,,
1493,GTGATTAAGC,0,1,,,,,,,,
1494,TCCTTGGGTC,0,1,,,,,,,,
1495,CTCTAGTTTT,1,0,,,,,,,,
1496,TTGAACTACC,1,0,,,,,,,,
1497,GACTCGGCCT,0,1,,,,,,,,
1498,AGCTAGGCTT,0,1,,,,,,,,
1499,TTTATCTAGC,139,113,,,,,,,,
1500,CGTAAGTGTA,1,0,,,,,,,,
1501,CATATGTAAC,1,0,,,,,,,,
1502,CACTCTGGTT,0,1,,,,,,,,
1503,CTGCATTGTA,1,0,,,,,,,,
1504,TCAATCGCGC,1,0,,,,,,,,
1505,TATTGGTAAC,0,1,,,,,,,,
1506,CCGTAGGGTT,4,0,,,,,,,,
1507,CAAGTGTCAA,1,0,,,,,,,,
1508,GGTGTCTGTT,2,2,,,,,,,,
1509,CCCGAGGGTT,0,2,,,,,,,,
1510,CAGTCGGGTA,1,0,,,,,,,,
1511,CATGAGGGTT,1,3,,,,,,,,
1512,TTCAACGAGT,1,0,,,,,,,,
1513,CTCTCGGGTT,0,1,,,,,,,,
1514,CAGTACTGTC,0,1,,,,,,,,
1515,TAGATCGAGC,3,4,,,,,,,,
1516,AGAACGTTAG,0,1,,,,,,,,
1517,CACTGGGGTT,65,60,,,,,,,,
1518,AGAGTTCCAC,1,0,,,,,,,,
1519,TTAATCCGGC,2,0,,,,,,,,
1520,TCAATTCGCC,1,0,,,,,,,,
1521,TTGATCTAGG,53,49,,,,,,,,
1522,TAATAGTGGT,0,1,,,,,,,,
1523,TACAAGTGGT,1,0,,,,,,,,
1524,TTGATCTGTT,1,1,,,,,,,,
1525,TGAACTTACC,1,0,,,,,,,,
1526,CTTTTATAGC,1,0,,,,,,,,
1527,CCCTATGGTA,0,1,,,,,,,,
1528,CGCTTAGGTC,0,1,,,,,,,,
1529,GCGCTCCGCA,0,1,,,,,,,,
1530,GCCTGGATTT,0,1,,,,,,,,
1531,TTGACTAAGC,0,1,,,,,,,,
1532,TCCTAGGGTT,5,7,,,,,,,,
1533,TTGAGGTCGC,1,0,,,,,,,,
1534,TCAACCGCGT,0,1,,,,,,,,
1535,ACCTTGGGTT,1,0,,,,,,,,
1536,GTCGCAGCCT,1,0,,,,,,,,
1537,ACGTAGGACG,1,0,,,,,,,,
1538,TACATTCTAC,1,0,,,,,,,,
1539,ACTACTAGGC,0,3,,,,,,,,
1540,CGGCTGTAGG,0,2,,,,,,,,
1541,ATACTCTAGC,1,0,,,,,,,,
1542,CATTATGGGT,1,1,,,,,,,,
1543,TTAAACTGGT,0,1,,,,,,,,
1544,GCTTCATGCT,0,1,,,,,,,,
1545,CGCGGAGTCG,1,0,,,,,,,,
1546,CACAATGGAT,0,1,,,,,,,,
1547,TTGACGTGGC,0,1,,,,,,,,
1548,TTAATCTAAC,3,1,,,,,,,,
1549,GTCTATGGCT,1,1,,,,,,,,
1550,TTGCTCTGGG,0,1,,,,,,,,
1551,TTGGCCACTT,1,0,,,,,,,,
1552,CACGCGGGCC,0,1,,,,,,,,
1553,GTTGTCTGGT,1,0,,,,,,,,
1554,GGATTCGTGT,1,0,,,,,,,,
1555,TATTGGGGTA,1,0,,,,,,,,
1556,TTGATCGAGC,146,122,,,,,,,,
1557,CTAAACTTGC,1,0,,,,,,,,
1558,AATACCAGCT,0,2,,,,,,,,
1559,TTCGTCTGGC,0,1,,,,,,,,
1560,CTGACCGGCT,1,0,,,,,,,,
1561,CAATAGAGAG,1,0,,,,,,,,
1562,CACTATGGTC,1,1,,,,,,,,
1563,ATGATCAAGC,0,1,,,,,,,,
1564,TTGTTAGCTT,1,0,,,,,,,,
1565,CACTACGGTC,1,0,,,,,,,,
1566,ACGTATCGTA,0,1,,,,,,,,
1567,CGTATCGCTA,1,0,,,,,,,,
1568,CACACGGCGC,0,1,,,,,,,,
1569,CACCTGGGTC,2,0,,,,,,,,
1570,TGAACCTAGC,1,0,,,,,,,,
1571,CAAATGGGCT,1,0,,,,,,,,
1572,TAGATCTGGC,1,5,,,,,,,,
1573,TTATAGGGTT,1,0,,,,,,,,
1574,CGATTGCGGA,0,1,,,,,,,,
1575,CTCTAGTGGT,1,5,,,,,,,,
1576,CAATGGGGTT,4,3,,,,,,,,
1577,CCTTATGGTA,1,0,,,,,,,,
1578,TAAAACCCTT,1,0,,,,,,,,
1579,CGCAAGGCTT,1,0,,,,,,,,
1580,CTGAAGGAGC,0,1,,,,,,,,
1581,TAATGCGGGC,0,1,,,,,,,,
1582,CACTAGAGCT,2,5,,,,,,,,
1583,CCCTAGGCTT,2,0,,,,,,,,
1584,TAGACTTAGC,1,0,,,,,,,,
1585,TTCTAGTATT,0,1,,,,,,,,
1586,CACCCGTCTT,0,1,,,,,,,,
1587,TACTAGAGTT,2,3,,,,,,,,
1588,ACATGCATGT,1,0,,,,,,,,
1589,CGATCGGGTT,0,1,,,,,,,,
1590,TTAGTCTAGT,1,0,,,,,,,,
1591,CAGGTAGGTT,1,0,,,,,,,,
1592,CTATAGGGAT,0,1,,,,,,,,
1593,ATGAACTAGC,2,3,,,,,,,,
1594,GACTAGGGAT,2,0,,,,,,,,
1595,TAGTAGGATT,0,1,,,,,,,,
1596,TTGGAAAAGC,2,0,,,,,,,,
1597,TTGTTGGAGC,2,1,,,,,,,,
1598,TAGTACTAGT,1,0,,,,,,,,
1599,CCCGAGGGGT,0,2,,,,,,,,
1600,TTCTTCGCCG,1,0,,,,,,,,
1601,TGGATCTCGC,1,0,,,,,,,,
1602,TTGATGTCGG,1,0,,,,,,,,
1603,TCTTTATAGC,0,1,,,,,,,,
1604,TGCGGATACG,0,1,,,,,,,,
1605,ATGTTCTTGC,0,1,,,,,,,,
1606,TTAAGATACC,0,1,,,,,,,,
1607,TTGAAGTACT,1,0,,,,,,,,
1608,TGCTTGAACC,0,1,,,,,,,,
1609,CACTAGGCAT,1,0,,,,,,,,
1610,CCAGAGGGGT,0,1,,,,,,,,
1611,CTCTCTAGTG,0,1,,,,,,,,
1612,TAGATAGAGC,1,0,,,,,,,,
1613,ATGGTCTAGC,0,1,,,,,,,,
1614,GTGTTCTTGC,1,0,,,,,,,,
1615,GACAAGGCTT,1,0,,,,,,,,
1616,TTTATGTCGC,1,0,,,,,,,,
1617,AACTAGGTTT,1,1,,,,,,,,
1618,CCCTAGCGAT,1,0,,,,,,,,
1619,TACATGAGGT,0,1,,,,,,,,
1620,ATGACCGTTT,0,1,,,,,,,,
1621,CGCACTTGCA,1,0,,,,,,,,
1622,CACTATGGGT,2,0,,,,,,,,
1623,CTGTACGTTT,1,0,,,,,,,,
1624,TGAAGTTTGC,1,0,,,,,,,,
1625,TATATCTAGC,3,0,,,,,,,,
1626,CTGTTTTCAT,1,0,,,,,,,,
1627,CAATAGTGTT,1,3,,,,,,,,
1628,TAGATCTATC,0,1,,,,,,,,
1629,CGCTCGGGTT,1,1,,,,,,,,
1630,ATGAGCTAGC,4,5,,,,,,,,
1631,TTGACCTGGT,1,0,,,,,,,,
1632,TTGATCGTGC,0,1,,,,,,,,
1633,CCATAAGCCC,0,1,,,,,,,,
1634,ATGCAATCTC,1,0,,,,,,,,
1635,AACTCGGGTT,0,1,,,,,,,,
1636,TTCGCTTGGG,1,0,,,,,,,,
1637,CTTTAGGGTT,2,0,,,,,,,,
1638,CTCTCGTGTT,0,1,,,,,,,,
1639,CAACAGGGAC,0,1,,,,,,,,
1640,TCGGTCTATC,0,1,,,,,,,,
1641,TTGATGTCAC,0,1,,,,,,,,
1642,AACACTAGCA,1,0,,,,,,,,
1643,TTTTTCTAGC,0,1,,,,,,,,
1644,CGCTAGGGTG,2,6,,,,,,,,
1645,CACTTGTATT,0,1,,,,,,,,
1646,TGGTTCTAGC,1,2,,,,,,,,
1647,GCTTAAGGTT,0,1,,,,,,,,
1648,GAAGAGGGTT,0,1,,,,,,,,
1649,CACGAGGGTT,14,14,,,,,,,,
1650,CACAAGTGCT,0,1,,,,,,,,
1651,CTCTTGGGTT,1,2,,,,,,,,
1652,CAATAGGGGT,3,1,,,,,,,,
1653,CTCATGGATT,1,0,,,,,,,,
1654,TTGCTGTAGC,1,1,,,,,,,,
1655,TGTCTCTTGC,1,0,,,,,,,,
1656,ACGCTTTGGA,1,0,,,,,,,,
1657,CTGTTCGATT,1,0,,,,,,,,
1658,TAGATGTAGC,4,2,,,,,,,,
1659,CACTTGGGGC,1,0,,,,,,,,
1660,TTCATCTCCT,0,1,,,,,,,,
1661,CAGCCCTGGC,0,1,,,,,,,,
1662,GCCTGGGGTT,1,1,,,,,,,,
1663,TAGTAGAGGT,1,0,,,,,,,,
1664,TTGCCCTAGC,2,0,,,,,,,,
1665,TTGTAGTGTT,1,3,,,,,,,,
1666,CTGATGGAGT,1,0,,,,,,,,
1667,GATGGTCAGT,0,1,,,,,,,,
1668,ATGATTGAGC,0,1,,,,,,,,
1669,TCAATTTCGA,0,1,,,,,,,,
1670,GCTACATCCT,0,1,,,,,,,,
1671,AACGAGGGTT,1,2,,,,,,,,
1672,CTCATCTAGC,1,0,,,,,,,,
1673,GCGCACTAGC,0,1,,,,,,,,
1674,TTCTTGTAAG,0,1,,,,,,,,
1675,TTGACATAAT,1,0,,,,,,,,
1676,TAAATGGAGA,1,0,,,,,,,,
1677,TTGAATTGGC,1,0,,,,,,,,
1678,CCCTCTGGTT,0,1,,,,,,,,
1679,CACTGGGTTC,0,1,,,,,,,,
1680,CACAAGGGAC,1,0,,,,,,,,
1681,CAATTGGGCT,0,1,,,,,,,,
1682,ATAGCTAGCA,0,1,,,,,,,,
1683,GGTCTAAGGC,0,1,,,,,,,,
1684,TTGTTTTGGA,0,1,,,,,,,,
1685,TAGTTGGGGT,1,0,,,,,,,,
1686,ATGGCGGTGG,0,1,,,,,,,,
1687,GTGGTCTAGC,0,2,,,,,,,,
1688,TTTACTTTCC,1,0,,,,,,,,
1689,CCGTAGCGGG,1,0,,,,,,,,
1690,ATCGTCGGTC,1,0,,,,,,,,
1691,GTAATCCTGC,1,0,,,,,,,,
1692,TACTTGGGTT,2,3,,,,,,,,
1693,CAGTAAGGTT,1,1,,,,,,,,
1694,GACTGCTAGC,0,1,,,,,,,,
1695,CACTAGAGTT,63,72,,,,,,,,
1696,TTGATCTGGT,5,7,,,,,,,,
1697,AACCATGCCC,0,1,,,,,,,,
1698,TTGATGGAGC,7,4,,,,,,,,
1699,TTGGTCTATC,1,2,,,,,,,,
1700,CAGTAGGGTC,1,2,,,,,,,,
1701,TTGAGCTAGG,2,3,,,,,,,,
1702,TTCCTCTAGC,2,0,,,,,,,,
1703,CACTATGGCT,2,1,,,,,,,,
1704,ATGCTAGCCT,0,1,,,,,,,,
1705,TCGATGTAGC,0,1,,,,,,,,
1706,CAGTACTGGT,1,0,,,,,,,,
1707,TTAATCTGTC,0,1,,,,,,,,
1708,TAGATCTAGA,2,0,,,,,,,,
1709,TTCACGCTAC,1,0,,,,,,,,
1710,CAGGAGGGTT,0,1,,,,,,,,
1711,TGCTAGGCAC,2,0,,,,,,,,
1712,TTCTTCTGTT,1,0,,,,,,,,
1713,CTCTAAGGTT,0,3,,,,,,,,
1714,TGGATCTAGC,54,70,,,,,,,,
1715,TAGTACGAGC,1,0,,,,,,,,
1716,TACTAGGGCT,1,1,,,,,,,,
1717,ATAATCTAGC,0,1,,,,,,,,
1718,TCAGCCAAGC,0,1,,,,,,,,
1719,GCCACTAGGG,1,0,,,,,,,,
1720,CTCTCGGTAT,1,0,,,,,,,,
1721,GGGGCTGCCC,1,0,,,,,,,,
1722,AATGACTCGC,1,0,,,,,,,,
1723,CACCAGTGGT,1,0,,,,,,,,
1724,CACTAGGCTG,0,1,,,,,,,,
1725,GCGATGTCGC,1,0,,,,,,,,
1726,TGGGTTTATA,1,0,,,,,,,,
1727,TACATACCCT,1,1,,,,,,,,
1728,GCCATTTGTT,1,0,,,,,,,,
1729,GCTTTGCGTC,1,0,,,,,,,,
1730,TTGATCGCGC,2,0,,,,,,,,
1731,ATCAGGTCTT,1,0,,,,,,,,
1732,CAATAGCGTT,0,2,,,,,,,,
1733,TTAATCGAGC,1,1,,,,,,,,
1734,CAGAGCTAGC,0,1,,,,,,,,
1735,CGAGAACGTG,1,0,,,,,,,,
1736,TTGATCTTGT,1,1,,,,,,,,
1737,CACTAGGTGT,1,2,,,,,,,,
1738,TTGAAGTGGA,0,1,,,,,,,,
1739,CACTGGTGGT,2,0,,,,,,,,
1740,TCGTACTAGC,0,2,,,,,,,,
1741,TACTAAGGTT,1,1,,,,,,,,
1742,GCCAACTAGC,1,1,,,,,,,,
1743,ATACGCTAGC,0,1,,,,,,,,
1744,CTCTTGGATT,2,0,,,,,,,,
1745,TTGCGCTAGC,2,2,,,,,,,,
1746,TTGGTCTAAC,1,1,,,,,,,,
1747,TTGGTCTAGT,4,1,,,,,,,,
1748,GTTATCTACC,0,1,,,,,,,,
1749,CCGACGGCTA,1,0,,,,,,,,
1750,CTCGAGGGTT,0,2,,,,,,,,
1751,TCCCTTCAGT,1,0,,,,,,,,
1752,GCACGGGCAT,1,0,,,,,,,,
1753,GTTAAGGTCA,1,0,,,,,,,,
1754,CAATAGGGAT,3,2,,,,,,,,
1755,TTGAACTAAC,1,1,,,,,,,,
1756,TTCTAGTGGT,0,1,,,,,,,,
1757,CACTAGCGTG,0,1,,,,,,,,
1758,ATATGGGAAT,1,0,,,,,,,,
1759,GCGAGGTAGC,1,0,,,,,,,,
1760,TTGGTGTAGC,1,1,,,,,,,,
1761,TTTATCTCGC,1,2,,,,,,,,
1762,CTCGGTTGGT,0,1,,,,,,,,
1763,TCGGTGTAAC,0,1,,,,,,,,
1764,TAAATCTCGC,1,0,,,,,,,,
1765,TTAATCTGAC,1,0,,,,,,,,
1766,ATTTTCGCCT,0,1,,,,,,,,
1767,GATTCGGGTT,1,1,,,,,,,,
1768,CACTATGTTT,1,0,,,,,,,,
1769,CTCTAGAGTT,0,3,,,,,,,,
1770,GTTCGTGGAC,0,1,,,,,,,,
1771,CAGATCTAGC,0,1,,,,,,,,
1772,TTGATCCAGC,39,39,,,,,,,,
1773,TACGTGGGCT,0,1,,,,,,,,
1774,TTCTAGGGTT,5,7,,,,,,,,
1775,CTATAGGGTT,3,2,,,,,,,,
1776,CTTAACCTCA,1,0,,,,,,,,
1777,TTGAGCTCGC,0,2,,,,,,,,
1778,CCTGAGGATG,0,1,,,,,,,,
1779,TAGTGTAAAT,1,0,,,,,,,,
1780,TAGTTGCAGC,1,0,,,,,,,,
1781,AGTGAGCATT,1,0,,,,,,,,
1782,TACTAGGGGT,3,3,,,,,,,,
1783,TTCATCCTGT,1,0,,,,,,,,
1784,GCTTACGGGC,1,0,,,,,,,,
1785,TAGATGTAGA,1,0,,,,,,,,
1786,TCAATGTACA,0,1,,,,,,,,
1787,TGGATATTGC,0,1,,,,,,,,
1788,CAACGGTAAT,1,0,,,,,,,,
1789,CACTAGTATT,3,7,,,,,,,,
1790,ACAACCAGCA,1,0,,,,,,,,
1791,TTGAACTAGA,0,2,,,,,,,,
1792,TTAACCTAGC,2,0,,,,,,,,
1793,TTGGTCTAGA,2,3,,,,,,,,
1794,CTGAACTAGC,2,0,,,,,,,,
1795,TTAATCAAGC,0,1,,,,,,,,
1796,TAGCCGGGTT,0,1,,,,,,,,
1797,TATTAGGATT,0,1,,,,,,,,
1798,CAAGATGTTG,0,1,,,,,,,,
1799,CAATATGGTT,1,2,,,,,,,,
1800,TAAATCTAGC,6,2,,,,,,,,
1801,TCATAGGCGT,1,0,,,,,,,,
1802,CACTCGGCTC,1,0,,,,,,,,
1803,ATGAGCTAAC,1,3,,,,,,,,
1804,CACTCGTGTT,0,1,,,,,,,,
1805,ATACTCGGGT,0,1,,,,,,,,
1806,TGGGCTAAGC,1,0,,,,,,,,
1807,CGTTAAGGAA,1,0,,,,,,,,
1808,TTGATATAAC,1,0,,,,,,,,
1809,AAGATCTAGC,1,2,,,,,,,,
1810,GCGTAAGGCA,0,1,,,,,,,,
1811,TAGATTGAGC,1,0,,,,,,,,
1812,GTGAGCGCCC,0,1,,,,,,,,
1813,TGGATCTAGT,1,3,,,,,,,,
1814,CACTACTAGT,0,1,,,,,,,,
1815,GTGGGCTAGC,1,0,,,,,,,,
1816,GTGAACTAGC,1,2,,,,,,,,
1817,TTGATGTAGA,2,0,,,,,,,,
1818,TTGTGCGAGC,1,1,,,,,,,,
1819,CACGAGGTTT,2,0,,,,,,,,
1820,AAGTAAGGTT,1,0,,,,,,,,
1821,AACTAGTGTC,3,0,,,,,,,,
1822,GGCAACTGCT,1,0,,,,,,,,
1823,GCAAACCGTT,1,0,,,,,,,,
1824,CACAAGTGTT,2,4,,,,,,,,
1825,TACTGGGGTT,1,2,,,,,,,,
1826,TTGAGCCAGC,1,0,,,,,,,,
1827,GTTATCTAGC,3,8,,,,,,,,
1828,CACTGGGATT,0,3,,,,,,,,
1829,AGATATTGCT,1,0,,,,,,,,
1830,TGGTTTTAAC,1,0,,,,,,,,
1831,TCGACATCCC,0,1,,,,,,,,
1832,TTTGCCAGGC,1,0,,,,,,,,
1833,TCGTGTCCGT,1,0,,,,,,,,
1834,CCGTGTATAA,0,1,,,,,,,,
1835,CCCTAGGGTG,3,3,,,,,,,,
1836,CTCTAGACGC,0,1,,,,,,,,
1837,CTGGTCAGTA,0,1,,,,,,,,
1838,TATTGGGATC,0,1,,,,,,,,
1839,CGCTAGGTTT,0,2,,,,,,,,
1840,CACTGTGGCT,0,1,,,,,,,,
1841,TGCTAGGGTC,1,0,,,,,,,,
1842,TAGATCGAGT,0,1,,,,,,,,
1843,TTTAACTGTG,0,1,,,,,,,,
1844,TAGATATTGC,1,0,,,,,,,,
1845,TTTAACGAGC,1,0,,,,,,,,
1846,GATTATTAGT,0,1,,,,,,,,
1847,CTGTCCTAGC,0,1,,,,,,,,
1848,TTGACCACAT,1,0,,,,,,,,
1849,CACTCGGGGA,0,1,,,,,,,,
1850,CCCTGAGGTT,1,0,,,,,,,,
1851,CCAGCTAGCT,1,4,,,,,,,,
1852,TTGATCTAAC,72,55,,,,,,,,
1853,GACTAGGCGT,0,1,,,,,,,,
1854,ATTCCTGCGC,1,0,,,,,,,,
1855,TTTTCCTACA,0,1,,,,,,,,
1856,TTGATATGGC,2,1,,,,,,,,
1857,GGTTCGTGTT,1,0,,,,,,,,
1858,TTAAACTAGC,2,0,,,,,,,,
1859,TCTCGCAGGT,1,0,,,,,,,,
1860,GTCAGCATAA,1,0,,,,,,,,
1861,TAGGACTAGC,1,0,,,,,,,,
1862,CAGTACGGCC,1,0,,,,,,,,
1863,CCCAATTGTA,0,1,,,,,,,,
1864,TACGAGAGTT,0,1,,,,,,,,
1865,TTAGAGCATC,1,0,,,,,,,,
1866,TTCTAGGGTC,0,2,,,,,,,,
1867,TATTAGGGTT,2,0,,,,,,,,
1868,CACTATAGTT,2,4,,,,,,,,
1869,TATGAAGGCT,1,0,,,,,,,,
1870,AATTTGGGCT,0,1,,,,,,,,
1871,CACTATAGGC,1,0,,,,,,,,
1872,ATATAGGGTT,1,0,,,,,,,,
1873,TTAATCTAGT,4,0,,,,,,,,
1874,CACTAGGCAC,1,0,,,,,,,,
1875,CACTAGGCCT,1,1,,,,,,,,
1876,CTTTAGAGTT,0,1,,,,,,,,
1877,AAGTATAGTT,1,0,,,,,,,,
1878,TATTGGAGTT,0,1,,,,,,,,
1879,CCGGCTCGTT,0,1,,,,,,,,
1880,TACTAGAGGG,1,0,,,,,,,,
1881,CACAAGGGAT,0,1,,,,,,,,
1882,CTTCTCCAGC,0,1,,,,,,,,
1883,CCCTGGTGTT,1,0,,,,,,,,
1884,CTCTCTGGTT,0,1,,,,,,,,
1885,CACTAAGGTT,30,38,,,,,,,,
1886,CGAACTAGCC,0,2,,,,,,,,
1887,TAATGAAGGT,1,0,,,,,,,,
1888,AAGATTCGTT,0,1,,,,,,,,
1889,CTGAGTTAGC,1,1,,,,,,,,
1890,TACTACAGTT,0,1,,,,,,,,
1891,TCGATCTCGC,1,1,,,,,,,,
1892,TCGATCTAGA,1,1,,,,,,,,
1893,CCGCAGTGTC,0,1,,,,,,,,
1894,GAGTAGGGTC,1,1,,,,,,,,
1895,AACTAAGGTT,0,3,,,,,,,,
1896,TACATTTAGC,0,1,,,,,,,,
1897,TTCTACTAGC,1,0,,,,,,,,
1898,TAGAACGAGT,1,0,,,,,,,,
1899,TCGATTTGGC,0,1,,,,,,,,
1900,CACTAGGGGC,1,3,,,,,,,,
1901,GAGACACGTC,1,0,,,,,,,,
1902,CCCCTCAATT,1,0,,,,,,,,
1903,TTGACCTAGC,34,39,,,,,,,,
1904,TTGATCTAAA,1,1,,,,,,,,
1905,AATTAGGGCT,1,0,,,,,,,,
1906,GTGCTATAGC,0,1,,,,,,,,
1907,TTGGTCTAGC,92,80,,,,,,,,
1908,AAGAAGGATT,0,1,,,,,,,,
1909,TCTATCTTGC,1,0,,,,,,,,
1910,TTGATCTATT,9,7,,,,,,,,
1911,GTGACATAGC,0,1,,,,,,,,
1912,TTTATCTTGA,1,0,,,,,,,,
1913,CAGTTGGGGT,0,1,,,,,,,,
1914,CACTGAAGTT,1,0,,,,,,,,
1915,ACGGATTCTA,1,0,,,,,,,,
1916,GATCCCTGGA,1,0,,,,,,,,
1917,CGCTAGGATT,0,3,,,,,,,,
1918,TTGAACTGGC,3,5,,,,,,,,
1919,TCTGGCTATC,1,0,,,,,,,,
1920,TCCTTCTAGG,0,1,,,,,,,,
1921,GCTTCATTCA,3,10,,,,,,,,
1922,AGTAGCCTCA,0,1,,,,,,,,
1923,ATACTCTAAC,0,1,,,,,,,,
1924,TTTATCTAAC,0,1,,,,,,,,
1925,TTGACGCTAT,0,1,,,,,,,,
1926,TAATGGGAGC,1,0,,,,,,,,
1927,TACATTGAGA,1,1,,,,,,,,
1928,TTTAGATAGC,1,0,,,,,,,,
1929,CATTAGTGTT,3,1,,,,,,,,
1930,CACTCGGGTG,0,1,,,,,,,,
1931,CCAATTCAAA,1,0,,,,,,,,
1932,CACTATGGTT,44,54,,,,,,,,
1933,ACCTAGGGTT,11,9,,,,,,,,
1934,CATTGAGCTC,1,0,,,,,,,,
1935,TTGATCTTGG,0,1,,,,,,,,
1936,CGCTAGGGTA,1,0,,,,,,,,
1937,ATGTTCTAGC,0,1,,,,,,,,
1938,TTGATCCTGC,0,1,,,,,,,,
1939,GATTAGGGTT,2,2,,,,,,,,
1940,GCCTAGCGTA,0,1,,,,,,,,
1941,CGGTAGGGAT,0,1,,,,,,,,
1942,CTGAGCTAGC,2,6,,,,,,,,
1943,GACTAGGTTT,1,0,,,,,,,,
1944,CACTGGTGTT,0,5,,,,,,,,
1945,AGCTAGGGTT,0,3,,,,,,,,
1946,TTGTTTTAGG,0,1,,,,,,,,
1947,GCGCGGTAAG,0,1,,,,,,,,
1948,CCCAAGGGTT,3,0,,,,,,,,
1949,GTAATCTCGC,1,0,,,,,,,,
1950,TACTTCTGTT,0,1,,,,,,,,
1951,CACTACTGTT,1,2,,,,,,,,
1952,CGTGGTGGCG,0,1,,,,,,,,
1953,CCATACCGTT,1,0,,,,,,,,
1954,TTCATATCCT,1,0,,,,,,,,
1955,GAATGGGGTT,0,1,,,,,,,,
1956,TTCAACTAGT,0,1,,,,,,,,
1957,CATTCGGCTT,0,1,,,,,,,,
1958,AATAGAGCAC,0,2,,,,,,,,
1959,AAGAGCTCGC,1,0,,,,,,,,
1960,TTATTCTAGC,3,1,,,,,,,,
1961,TTGGACTAGC,2,2,,,,,,,,
1962,TGATCTAGCT,6,8,,,,,,,,
1963,CATCGGGGTT,0,1,,,,,,,,
1964,CGCCCGGGGT,1,0,,,,,,,,
1965,CCCTATGGTT,4,2,,,,,,,,
1966,TTTATTTAAC,2,0,,,,,,,,
1967,TTGAGATAGC,0,3,,,,,,,,
1968,TTCATCGCGC,0,2,,,,,,,,
1969,TGGGTCTGGC,0,1,,,,,,,,
1970,CCATCCAGCG,0,1,,,,,,,,
1971,CAACGAGATT,0,1,,,,,,,,
1972,TACCACGGGA,1,0,,,,,,,,
1973,TTGCCTAGCC,1,0,,,,,,,,
1974,TAGATTTAGC,3,1,,,,,,,,
1975,GACCTGGGGC,1,0,,,,,,,,
1976,TACTTTGGTT,0,2,,,,,,,,
1977,TGACTAGCTG,0,2,,,,,,,,
1978,TAGGCCGGGC,1,0,,,,,,,,
1979,TAGTTCTAGC,5,1,,,,,,,,
1980,GTGAATTTGC,1,0,,,,,,,,
1981,CACATGAGTT,0,1,,,,,,,,
1982,CTCTGGAGAT,0,1,,,,,,,,
1983,CACATGAACA,1,0,,,,,,,,
1984,CACGAGGGTC,2,1,,,,,,,,
1985,GACGTGTTTT,1,0,,,,,,,,
1986,TAAAGCATGT,1,0,,,,,,,,
1987,GTCATTAGGT,1,0,,,,,,,,
1988,GCATAGGTGT,1,0,,,,,,,,
1989,GACTCGCGTT,1,0,,,,,,,,
1990,CTCTAGAGCT,0,1,,,,,,,,
1991,TTCATGTACC,1,1,,,,,,,,
1992,CTGTAGTATT,1,0,,,,,,,,
1993,CTGCTCTAGC,1,1,,,,,,,,
1994,TTTATCTATC,0,2,,,,,,,,
1995,CTCTAGTATT,0,1,,,,,,,,
1996,ATTGCTATCG,0,1,,,,,,,,
1997,CCATAGTTCG,0,2,,,,,,,,
1998,TTTATCGAGC,2,1,,,,,,,,
1999,CCTTAGTGCA,0,1,,,,,,,,
2000,TTGTCATTCA,0,1,,,,,,,,
2001,CATTCTGGTT,1,0,,,,,,,,
2002,CCGAAAAGGT,0,1,,,,,,,,
2003,CTTGAAGTTT,0,1,,,,,,,,
2004,GCAATCTCTG,1,0,,,,,,,,
2005,GACTCGGGTT,0,2,,,,,,,,
2006,AGATGTGCTT,0,1,,,,,,,,
2007,CTCTTCTATT,1,0,,,,,,,,
2008,AATGTTTAGC,1,0,,,,,,,,
2009,TAATTCTCAC,6,0,,,,,,,,
2010,CGATAGGGTT,2,0,,,,,,,,
2011,AACGACGATC,1,0,,,,,,,,
2012,TTCATCCAGC,1,0,,,,,,,,
2013,TTGAACGATC,1,0,,,,,,,,
2014,TACAAGTAGC,0,1,,,,,,,,
2015,CACGAGGGAT,3,0,,,,,,,,
2016,TTACGCTAAC,1,0,,,,,,,,
2017,CCTAGCGTTA,0,1,,,,,,,,
2018,CACTCGGTCT,1,0,,,,,,,,
2019,TACTTGTATT,1,1,,,,,,,,
2020,CAGTTGTAGT,0,1,,,,,,,,
2021,TTGATAGAGA,1,0,,,,,,,,
2022,CCTTAGGTTA,0,1,,,,,,,,
2023,CCCTGGGGTG,0,1,,,,,,,,
2024,AATAAGGGTC,0,1,,,,,,,,
2025,CACGAGGGGC,1,0,,,,,,,,
2026,CACCAGGGGT,1,0,,,,,,,,
2027,ATGCCAGCCC,0,1,,,,,,,,
2028,TACTAGTAGT,1,0,,,,,,,,
2029,TACTTGAGTT,0,1,,,,,,,,
2030,AATGCAGCCT,9,0,,,,,,,,
2031,AATGGGCGTA,1,0,,,,,,,,
2032,ATAACTAGCC,0,1,,,,,,,,
2033,AACTTGGCCT,0,1,,,,,,,,
2034,CAATACGGTC,1,0,,,,,,,,
2035,CACATGGGTC,1,0,,,,,,,,
2036,TTGTTCGACC,0,1,,,,,,,,
2037,CAAAAGGGGT,0,1,,,,,,,,
2038,TTGTTGGGTT,1,0,,,,,,,,
2039,TTCAGCTAGC,3,1,,,,,,,,
2040,CACTCCGGCC,0,1,,,,,,,,
2041,CACTAGCGTA,1,0,,,,,,,,
2042,TTTATACGCG,0,1,,,,,,,,
2043,TTGTCCTTGC,0,1,,,,,,,,
2044,CACTTCTAGC,2,0,,,,,,,,
2045,CACTAGGGAT,34,48,,,,,,,,
2046,CATGAGGATG,1,0,,,,,,,,
2047,TACTGGCGCT,1,0,,,,,,,,
2048,TTACTCTAGC,2,2,,,,,,,,
2049,TGCCGTAAGT,0,1,,,,,,,,
2050,GGATAGACTC,0,1,,,,,,,,
2051,GTCGGCTATT,0,1,,,,,,,,
2052,GGTACCTGGT,0,1,,,,,,,,
2053,GTGATCTAGG,0,1,,,,,,,,
2054,TTGCTTTAGC,2,0,,,,,,,,
2055,CTGAGATGGG,1,0,,,,,,,,
2056,GATTCGTGCT,0,1,,,,,,,,
2057,TTTGCTAGGC,0,1,,,,,,,,
2058,GCATGACATT,0,1,,,,,,,,
2059,TACGACGGGT,1,0,,,,,,,,
2060,TCGGCGGATC,0,1,,,,,,,,
2061,CGTTATGGTT,1,0,,,,,,,,
2062,TTAACTAGAC,1,0,,,,,,,,
2063,TTGTTCGAGA,0,1,,,,,,,,
2064,TTTATATCGC,1,0,,,,,,,,
2065,TTGGTCAAGC,0,1,,,,,,,,
2066,ACGAACTAGC,0,1,,,,,,,,
2067,CACAAGTATT,1,0,,,,,,,,
2068,CACTACGGTT,10,11,,,,,,,,
2069,CACATGGGGC,0,1,,,,,,,,
2070,CAGAACTAGC,1,1,,,,,,,,
2071,TAGATGGAGC,0,1,,,,,,,,
2072,ATCTACGTTC,0,1,,,,,,,,
2073,GACTAGTAGA,0,1,,,,,,,,
2074,TACTAGTCTT,0,2,,,,,,,,
2075,TAGTTGGATT,0,1,,,,,,,,
2076,TACAGCAGTT,0,1,,,,,,,,
2077,TACTACGGTT,0,1,,,,,,,,
2078,CGCGAGATGC,0,1,,,,,,,,
2079,TACAATGGTT,0,1,,,,,,,,
2080,CAGTAGTGTT,3,0,,,,,,,,
2081,CAAAAGTGGT,0,2,,,,,,,,
2082,GTTGTCTATT,0,1,,,,,,,,
2083,TTGATATTGC,0,2,,,,,,,,
2084,TTGCGCTCGT,0,1,,,,,,,,
2085,TCGATCGAGT,1,0,,,,,,,,
2086,ATAATATAGG,1,0,,,,,,,,
2087,GTCTCTAGCT,0,2,,,,,,,,
2088,CCCTAGGGTT,118,143,,,,,,,,
2089,TGGATCAAGT,1,0,,,,,,,,
2090,GAATAAGGTT,1,0,,,,,,,,
2091,TTACAGTTAG,0,1,,,,,,,,
2092,CCATTGGGTA,1,0,,,,,,,,
2093,TCAATCTGAC,2,1,,,,,,,,
2094,CCACTAGGGT,8,13,,,,,,,,
2095,CGCTGCGCGT,1,0,,,,,,,,
2096,TCCATATAGC,1,0,,,,,,,,
2097,CTGATATGGA,0,1,,,,,,,,
2098,TTGATTTAGA,1,4,,,,,,,,
2099,CAGTTGGGTT,0,1,,,,,,,,
2100,CTGTTCGGCG,1,0,,,,,,,,
2101,GTGGCCAGGA,1,0,,,,,,,,
2102,GTCACTAGCT,10,0,,,,,,,,
2103,CTGGGAAGTA,3,24,,,,,,,,
2104,GCTGCGGTCC,1,0,,,,,,,,
2105,CTTCAGGGCT,0,1,,,,,,,,
2106,GACTTGGAGT,1,0,,,,,,,,
2107,TAGACCTGGC,0,1,,,,,,,,
2108,TTGATAAAGC,3,0,,,,,,,,
2109,CCACTGCATC,1,0,,,,,,,,
2110,TTGTTAGACC,1,0,,,,,,,,
2111,TTGACGTTAG,1,0,,,,,,,,
2112,CGCGGCTGGC,1,2,,,,,,,,
2113,CACTAGAATT,1,1,,,,,,,,
2114,TGCGCATGTC,0,1,,,,,,,,
2115,CTCTAGGGCT,3,3,,,,,,,,
2116,TTGACTTACC,0,1,,,,,,,,
2117,CTGTAACAGC,1,0,,,,,,,,
2118,GTAATCTAGC,0,1,,,,,,,,
2119,TTGATCTACC,26,30,,,,,,,,
2120,TAGCCGAGCA,0,1,,,,,,,,
2121,CACTAGGGTA,23,21,,,,,,,,
2122,ACATGAACGC,1,0,,,,,,,,
2123,TTGATCGCTC,1,0,,,,,,,,
2124,TCCTAGAGTT,1,0,,,,,,,,
2125,TGCTCTGCGC,0,1,,,,,,,,
2126,CTGGTCTGGC,0,1,,,,,,,,
2127,TCGGCTAGCT,1,0,,,,,,,,
2128,CACTTGAGCT,0,1,,,,,,,,
2129,GACTTTGCCT,0,1,,,,,,,,
2130,TACTATTATT,0,1,,,,,,,,
2131,CATGAGGGTA,0,2,,,,,,,,
2132,TTGATATAGA,3,2,,,,,,,,
2133,TTCATTGACC,1,0,,,,,,,,
2134,CTGCTCTGTG,1,0,,,,,,,,
2135,ATTTTCTAGT,0,1,,,,,,,,
2136,CGATAGGGTG,1,0,,,,,,,,
2137,CATTCGTGTA,1,0,,,,,,,,
2138,CTGATCGGAC,0,1,,,,,,,,
2139,CAGTGGGGCT,0,1,,,,,,,,
2140,CACTGGGAGT,1,0,,,,,,,,
2141,TTGTGCAACT,0,1,,,,,,,,
2142,TCTACCTAGC,0,1,,,,,,,,
2143,TTTGTCTAGC,3,5,,,,,,,,
2144,GACTAGGATT,2,1,,,,,,,,
2145,ACCTAGGGGT,0,1,,,,,,,,
2146,GTGATTTAGC,1,1,,,,,,,,
2147,TTGATCCAGA,1,0,,,,,,,,
2148,CGCTCTAGCT,0,1,,,,,,,,
2149,TTGCTCTAGC,53,60,,,,,,,,
2150,TTCAGCGAGC,1,0,,,,,,,,
2151,CCGATCGGTT,1,0,,,,,,,,
2152,TGTATCTCGC,1,0,,,,,,,,
2153,CACACCGGTG,1,0,,,,,,,,
2154,CACGCCAGCC,3,1,,,,,,,,
2155,GGGTGTTGAG,0,1,,,,,,,,
2156,CTCTAGGGTA,2,0,,,,,,,,
2157,CACTAGTGTG,0,2,,,,,,,,
2158,GTCATGGAGC,1,0,,,,,,,,
2159,ATGATCTAGG,0,1,,,,,,,,
2160,CCCCTGGGTT,0,1,,,,,,,,
2161,TTCTCGGGTC,1,0,,,,,,,,
2162,CATAAGGGTT,0,4,,,,,,,,
2163,TGGATGCGGC,0,1,,,,,,,,
2164,TAAACTATGC,0,1,,,,,,,,
2165,GCGATATAGT,1,0,,,,,,,,
2166,TTGACCTACT,0,2,,,,,,,,
2167,TTCATTTGGC,1,0,,,,,,,,
2168,TATGCTAAGG,0,1,,,,,,,,
2169,CCTTAGGGGT,1,0,,,,,,,,
2170,TCATGCGGTT,0,1,,,,,,,,
2171,TTGCGCTAAC,0,1,,,,,,,,
2172,CACTAGGCGT,4,0,,,,,,,,
2173,TTGATCCTTA,1,0,,,,,,,,
2174,TTTAGCTAGT,1,0,,,,,,,,
2175,GTAAATATCA,0,1,,,,,,,,
2176,GAAAGGGGCC,0,1,,,,,,,,
2177,ACATTAAGCT,0,1,,,,,,,,
2178,CATTAAAGAT,0,1,,,,,,,,
2179,TAGGTCGACG,0,1,,,,,,,,
2180,ATGCAAGCTC,0,1,,,,,,,,
2181,GCCAATGCCC,1,0,,,,,,,,
2182,TATTCTGCAC,1,0,,,,,,,,
2183,CTGTGGGGTT,0,1,,,,,,,,
2184,TTGGTCGGAT,1,0,,,,,,,,
2185,ATGCGCAAGC,0,1,,,,,,,,
2186,GATACGCGCT,1,0,,,,,,,,
2187,TTATAGTCCC,1,0,,,,,,,,
2188,TTGATCTTGC,36,40,,,,,,,,
2189,GTGCTCTAGC,3,1,,,,,,,,
2190,CACTGCGGTT,2,0,,,,,,,,
2191,CGCTAGGTCT,1,0,,,,,,,,
2192,TTGTACTATC,0,1,,,,,,,,
2193,CACAACTGTT,0,1,,,,,,,,
2194,TGATAATTAG,0,1,,,,,,,,
2195,TTTCGGTAGC,0,1,,,,,,,,
2196,AATGAGGGTT,0,1,,,,,,,,
2197,TTGTCGTAGC,0,1,,,,,,,,
2198,CACTAGGTAT,1,0,,,,,,,,
2199,ACCGTGGGCA,1,0,,,,,,,,
2200,CCTAGCTGTT,0,1,,,,,,,,
2201,GTGATAAAGG,0,1,,,,,,,,
2202,TCGACCCAGC,0,1,,,,,,,,
2203,GGGGGACATG,0,1,,,,,,,,
2204,CACAAGTGAC,0,1,,,,,,,,
2205,CACAAGGATT,0,2,,,,,,,,
2206,TAGATCCAGC,1,0,,,,,,,,
2207,GACATGTGTA,1,0,,,,,,,,
2208,GGGATCTAGC,1,3,,,,,,,,
2209,TAGATCAAGC,0,1,,,,,,,,
2210,TTGTTCTAGA,2,0,,,,,,,,
2211,TTGATGTAGC,77,64,,,,,,,,
2212,TCACTTGGGC,2,4,,,,,,,,
2213,CTATAGTAGC,0,1,,,,,,,,
2214,GTTCTGGTAA,1,0,,,,,,,,
2215,CACTTTGGTT,0,1,,,,,,,,
2216,ATGATAAACA,0,1,,,,,,,,
2217,TGTAACTAAA,1,0,,,,,,,,
2218,TGTGCGTCGT,1,0,,,,,,,,
2219,TAGATCGTGC,1,0,,,,,,,,
2220,TTTTTCTATC,0,1,,,,,,,,
2221,GGTGCCTGTT,6,77,,,,,,,,
2222,AAAAGGGCTT,0,1,,,,,,,,
2223,TGTATCTATT,1,0,,,,,,,,
2224,TTCTTCTAGA,0,1,,,,,,,,
2225,GAATAGCGGT,0,1,,,,,,,,
2226,CGCCGGGCAC,0,1,,,,,,,,
2227,CGGAGGGGGT,0,1,,,,,,,,
2228,TATTTAGATT,0,1,,,,,,,,
2229,TGATTATGCC,1,0,,,,,,,,
2230,GCCATGTCTT,1,0,,,,,,,,
2231,CTTAAGTGTT,1,0,,,,,,,,
2232,CCTGTAGGAT,1,0,,,,,,,,
2233,TTTATCTTGC,2,1,,,,,,,,
2234,CTCCAGTGTT,0,1,,,,,,,,
2235,TCGAACTAGC,0,1,,,,,,,,
2236,CACTAGGTAG,1,0,,,,,,,,
2237,CACGAGAGCT,0,1,,,,,,,,
2238,TGGTGCCAGC,1,0,,,,,,,,
2239,TTCTCCTGTT,0,1,,,,,,,,
2240,TACTACGAGC,1,0,,,,,,,,
2241,GACTGGGGCT,1,0,,,,,,,,
2242,TTCTTGTGGC,0,1,,,,,,,,
2243,TGCTAAGGTT,0,2,,,,,,,,
2244,TTGACCTGCC,1,0,,,,,,,,
2245,CTCTAAGCTC,1,0,,,,,,,,
2246,CACTTGTGGT,1,0,,,,,,,,
2247,CACTGGCTGT,0,1,,,,,,,,
2248,TCTGCCAGCG,0,1,,,,,,,,
2249,TTCTAGGAGT,1,1,,,,,,,,
2250,TACGGCGTAC,2,0,,,,,,,,
2251,GTCTAGGGTT,1,4,,,,,,,,
2252,AACATCTTGC,0,1,,,,,,,,
2253,CTGAACGTAT,1,0,,,,,,,,
2254,TACTTCTTCC,0,1,,,,,,,,
2255,CGAATCAAGC,0,1,,,,,,,,
2256,GACGAATGGT,1,0,,,,,,,,
2257,CGATCGGGTG,1,0,,,,,,,,
2258,CTGTTAGGTT,1,0,,,,,,,,
2259,CCTTCGGGTT,1,0,,,,,,,,
2260,TTGATCTACA,1,1,,,,,,,,
2261,CCGGAGGGTT,1,0,,,,,,,,
2262,TTGATTGAGT,1,0,,,,,,,,
2263,CCCTCGGTTT,1,0,,,,,,,,
2264,CCTGGGTGGC,1,0,,,,,,,,
2265,CTAAGATAAG,1,0,,,,,,,,
2266,TTGAACTAGG,0,1,,,,,,,,
2267,ATCATAGCTC,0,1,,,,,,,,
2268,CACTTGGAAT,1,0,,,,,,,,
2269,TTGCTCTACC,1,0,,,,,,,,
2270,CTGTTCGAGC,0,1,,,,,,,,
2271,AACTAGGGCT,1,2,,,,,,,,
2272,CTCTTTTCCA,0,1,,,,,,,,
2273,CGCTTCTGGT,0,1,,,,,,,,
2274,CACCAGGGTT,23,42,,,,,,,,
2275,TCTTTGCAAA,0,1,,,,,,,,
2276,ACTGAGCGTC,1,0,,,,,,,,
2277,TTGATCGAGG,1,0,,,,,,,,
2278,TCAGGGGCTC,0,1,,,,,,,,
2279,CATTTGGGTT,2,2,,,,,,,,
2280,CCGGAAGGGT,0,1,,,,,,,,
2281,AAGTAGGGTT,1,0,,,,,,,,
2282,TTGGTTTAGC,0,2,,,,,,,,
2283,TATGCGTGCG,0,1,,,,,,,,
2284,TTGATCTTCG,0,1,,,,,,,,
2285,CACTTGGGTG,2,0,,,,,,,,
2286,GTGTACAGAA,1,0,,,,,,,,
2287,AATGGAAGCA,0,1,,,,,,,,
2288,TTGACCGAGC,1,0,,,,,,,,
2289,TTGATATGGG,1,0,,,,,,,,
2290,AATGGCGTGT,0,1,,,,,,,,
2291,TTTGCGTAAG,1,0,,,,,,,,
2292,TTGTTCGTTC,1,0,,,,,,,,
2293,CCTTGTCGCT,0,1,,,,,,,,
2294,CTGATCAAGC,0,1,,,,,,,,
2295,TTGTGGTAGG,0,1,,,,,,,,
2296,TTGACTGAGC,1,0,,,,,,,,
2297,TCCTGCCTCT,1,0,,,,,,,,
2298,TAGAGCTAGC,8,4,,,,,,,,
2299,TAGACATGGC,1,0,,,,,,,,
2300,ATGATCTAAC,1,0,,,,,,,,
2301,TAGGCTAGCC,0,1,,,,,,,,
2302,CCCTAGGGTC,1,1,,,,,,,,
2303,TTCAATTGGG,0,1,,,,,,,,
2304,TTCATGTAGC,4,3,,,,,,,,
2305,CCCTAGGGGC,1,0,,,,,,,,
2306,ATTGCTAAGT,0,1,,,,,,,,
2307,AACATAGCAT,0,1,,,,,,,,
2308,ATGGTGTCTA,1,0,,,,,,,,
2309,GTGCCGGACA,1,0,,,,,,,,
2310,GTGATTTATA,1,0,,,,,,,,
2311,TTCATTTAGC,3,2,,,,,,,,
2312,CACTTGTGTT,2,2,,,,,,,,
2313,CATTAGCGTT,1,1,,,,,,,,
2314,CGCTGGGGTT,2,0,,,,,,,,
2315,CTGTAGGGTT,4,3,,,,,,,,
2316,CTCATCTGTT,1,0,,,,,,,,
2317,GCTATCTGGC,0,1,,,,,,,,
2318,GACTAGGCTT,2,0,,,,,,,,
2319,CTCTTGTGTT,2,2,,,,,,,,
2320,ACGGGGCGGG,0,1,,,,,,,,
2321,CACTTGGGTT,47,63,,,,,,,,
2322,TCGAAGTTAC,1,0,,,,,,,,
2323,CGCCAAGGTT,0,1,,,,,,,,
2324,TTTGCATTCA,1,0,,,,,,,,
2325,GACGAGGGTT,0,1,,,,,,,,
2326,CTAACTTAGC,1,0,,,,,,,,
2327,GCTCAGCAGT,0,1,,,,,,,,
2328,TTCACCAGCC,1,0,,,,,,,,
2329,TTGCGCCAGC,0,1,,,,,,,,
2330,TCGCTTACGC,0,1,,,,,,,,
2331,CATTAGTGGC,0,1,,,,,,,,
2332,TCTATCTAGT,1,0,,,,,,,,
2333,GTGTGCTAGC,0,1,,,,,,,,
2334,TACATCTAGC,0,2,,,,,,,,
2335,CTCATGGGGC,1,0,,,,,,,,
2336,CAACAGGCCC,0,1,,,,,,,,
2337,CAATGGGCTT,0,1,,,,,,,,
2338,AAAGATGGCA,1,0,,,,,,,,
2339,TTCAGCAAGC,1,0,,,,,,,,
2340,CACTAGGTTG,3,2,,,,,,,,
2341,GTGATCGAGG,0,1,,,,,,,,
2342,TTGACCTCGC,1,1,,,,,,,,
2343,CTCAGGTGTC,0,1,,,,,,,,
2344,CATACGAGTT,0,1,,,,,,,,
2345,TACACGGGTT,1,1,,,,,,,,
2346,GGTGGCTAGC,0,1,,,,,,,,
2347,CGGTATGGTT,1,0,,,,,,,,
2348,CACTAGGAGT,4,4,,,,,,,,
2349,CAGTAGGGTG,2,0,,,,,,,,
2350,CAGATGGGTT,1,0,,,,,,,,
2351,GCGGGCTAGC,0,2,,,,,,,,
2352,TACTGGGTTT,1,0,,,,,,,,
2353,TTAGGCTAGC,1,0,,,,,,,,
2354,TTCATTAGCT,1,0,,,,,,,,
2355,TTTATATTCC,1,0,,,,,,,,
2356,TTCTATGGTT,1,0,,,,,,,,
2357,TTCAAATCGC,0,1,,,,,,,,
2358,TACATCTAGT,0,1,,,,,,,,
2359,ACCTAGGGCA,1,0,,,,,,,,
2360,CACAAGGGCT,1,0,,,,,,,,
2361,CGCTATAGTT,1,0,,,,,,,,
2362,ATGATGTAGC,0,2,,,,,,,,
2363,CTGTACTGTT,1,0,,,,,,,,
2364,GGTCGAGCAT,0,1,,,,,,,,
2365,CTATATTGCG,0,1,,,,,,,,
2366,AAATAGGGGT,1,0,,,,,,,,
2367,GTGCACTTAC,0,1,,,,,,,,
2368,ATATGGGGTT,1,0,,,,,,,,
2369,TTAGGGGGAT,0,1,,,,,,,,
2370,TAGGTTTAGC,1,0,,,,,,,,
2371,GATAGCATGT,1,0,,,,,,,,
2372,TACTTGTCAT,1,0,,,,,,,,
2373,AGATTGTTTT,1,0,,,,,,,,
2374,CCCTAGGGGT,2,6,,,,,,,,
2375,AGTCGTCGGT,1,0,,,,,,,,
2376,TACATGGTGC,1,0,,,,,,,,
2377,CCCTAGGGCT,4,2,,,,,,,,
2378,CAGTAGGATT,1,3,,,,,,,,
2379,TTCACAGCCC,1,0,,,,,,,,
2380,CTGCACAGTT,1,0,,,,,,,,
2381,TTTTTATTCA,0,1,,,,,,,,
2382,TTGATGTAGG,4,3,,,,,,,,
2383,CAGTAGGTTT,1,0,,,,,,,,
2384,TAATAGGGTC,2,1,,,,,,,,
2385,TCCTAGGGGT,1,0,,,,,,,,
2386,TTGAGCTAGC,233,213,,,,,,,,
2387,TTGTTCGCGT,1,0,,,,,,,,
2388,CTCGAATGTT,0,1,,,,,,,,
2389,TTGATATACC,2,0,,,,,,,,
2390,TTGCTCGGGC,1,0,,,,,,,,
2391,TAGTAGTAGT,0,1,,,,,,,,
2392,ATATTCGAGG,1,0,,,,,,,,
2393,CAGATGTAGC,1,0,,,,,,,,
